card_id,company,card_name,card_type,image_url,link_url
00218,국민,TBX 카드,신용,https://img1.kbcard.com/ST/img/cxc/kbcard/upload/img/product/00218_img.png,https://card.kbcard.com/CRD/DVIEW/HCAMCXPRICAC0076?mainCC=a&cooperationcode=00218
00230,국민,EV 카드,신용,https://img1.kbcard.com/ST/img/cxc/kbcard/upload/img/product/00230_img.png,https://card.kbcard.com/CRD/DVIEW/HCAMCXPRICAC0076?mainCC=a&cooperationcode=00230
00235,국민,KB국민 에버온 EV 카드,신용,https://img1.kbcard.com/ST/img/cxc/kbcard/upload/img/product/00235_img.png,https://card.kbcard.com/CRD/DVIEW/HCAMCXPRICAC0076?mainCC=a&cooperationcode=00235
00236,국민,볼트업 KB EV 카드,신용,https://img1.kbcard.com/ST/img/cxc/kbcard/upload/img/product/00236_img.png,https://card.kbcard.com/CRD/DVIEW/HCAMCXPRICAC0076?mainCC=a&cooperationcode=00236
01142,국민,The CJ KB국민카드,신용,https://img1.kbcard.com/ST/img/cxc/kbcard/upload/img/product/01142_img.png,https://card.kbcard.com/CRD/DVIEW/HCAMCXPRICAC0076?mainCC=a&cooperationcode=01142
01570,국민,쏘영 체크카드,체크,https://img1.kbcard.com/ST/img/cxc/kbcard/upload/img/product/01570_img.png,https://card.kbcard.com/CRD/DVIEW/HCAMCXPRICAC0076?mainCC=a&cooperationcode=01570
01574,국민,샘 쏘영 체크카드,체크,https://img1.kbcard.com/ST/img/cxc/kbcard/upload/img/product/01574_img.png,https://card.kbcard.com/CRD/DVIEW/HCAMCXPRICAC0076?mainCC=a&cooperationcode=01574
01664,국민,KB국민카드 노리 체크카드,체크,https://img1.kbcard.com/ST/img/cxc/kbcard/upload/img/product/01664_img.png,https://card.kbcard.com/CRD/DVIEW/HCAMCXPRICAC0076?mainCC=a&cooperationcode=01664
01690,국민,직장인보너스체크카드,체크,https://img1.kbcard.com/ST/img/cxc/kbcard/upload/img/product/01690_img.png,https://card.kbcard.com/CRD/DVIEW/HCAMCXPRICAC0076?mainCC=a&cooperationcode=01690
01914,국민,첵첵 체크카드,체크,https://img1.kbcard.com/ST/img/cxc/kbcard/upload/img/product/01914_img.png,https://card.kbcard.com/CRD/DVIEW/HCAMCXPRICAC0076?mainCC=a&cooperationcode=01914
01998,국민,가온 올포인트 체크카드,체크,https://img1.kbcard.com/ST/img/cxc/kbcard/upload/img/product/01998_img.png,https://card.kbcard.com/CRD/DVIEW/HCAMCXPRICAC0076?mainCC=a&cooperationcode=01998
02076,국민,STARTLUCK 카드,신용,https://img1.kbcard.com/ST/img/cxc/kbcard/upload/img/product/02076_img.png,https://card.kbcard.com/CRD/DVIEW/HCAMCXPRICAC0076?mainCC=a&cooperationcode=02076
02171,국민,KB국민 웅진씽크빅 카드,신용,https://img1.kbcard.com/ST/img/cxc/kbcard/upload/img/product/02171_img.png,https://card.kbcard.com/CRD/DVIEW/HCAMCXPRICAC0076?mainCC=a&cooperationcode=02171
02210,국민,KB국민 비상온리원 카드,신용,https://img1.kbcard.com/ST/img/cxc/kbcard/upload/img/product/02210_img.png,https://card.kbcard.com/CRD/DVIEW/HCAMCXPRICAC0076?mainCC=a&cooperationcode=02210
02219,국민,두산베어스 KB카드,신용,https://img1.kbcard.com/ST/img/cxc/kbcard/upload/img/product/02219_img.png,https://card.kbcard.com/CRD/DVIEW/HCAMCXPRICAC0076?mainCC=a&cooperationcode=02219
02245,국민,SK에너지 러브유 KB국민카드,신용,https://img1.kbcard.com/ST/img/cxc/kbcard/upload/img/product/02245_img.png,https://card.kbcard.com/CRD/DVIEW/HCAMCXPRICAC0076?mainCC=a&cooperationcode=02245
04124,국민,Youth Club 체크카드,체크,https://img1.kbcard.com/ST/img/cxc/kbcard/upload/img/product/04124_img.png,https://card.kbcard.com/CRD/DVIEW/HCAMCXPRICAC0076?mainCC=a&cooperationcode=04124
04260,국민,반려愛카드(강아지),신용,https://img1.kbcard.com/ST/img/cxc/kbcard/upload/img/product/04260_img.png,https://card.kbcard.com/CRD/DVIEW/HCAMCXPRICAC0076?mainCC=a&cooperationcode=04260
04284,국민,요기패스 신용카드(가로형),신용,https://img1.kbcard.com/ST/img/cxc/kbcard/upload/img/product/04284_img.png,https://card.kbcard.com/CRD/DVIEW/HCAMCXPRICAC0076?mainCC=a&cooperationcode=04284
04285,국민,스카이패스 티타늄 카드,신용,https://img1.kbcard.com/ST/img/cxc/kbcard/upload/img/product/04285_img.png,https://card.kbcard.com/CRD/DVIEW/HCAMCXPRICAC0076?mainCC=a&cooperationcode=04285
04287,국민,Wavve 카드,신용,https://img1.kbcard.com/ST/img/cxc/kbcard/upload/img/product/04287_img.png,https://card.kbcard.com/CRD/DVIEW/HCAMCXPRICAC0076?mainCC=a&cooperationcode=04287
04288,국민,T-economy KB국민카드,신용,https://img1.kbcard.com/ST/img/cxc/kbcard/upload/img/product/04288_img.png,https://card.kbcard.com/CRD/DVIEW/HCAMCXPRICAC0076?mainCC=a&cooperationcode=04288
04289,국민,랭킹닭컴 신용카드,신용,https://img1.kbcard.com/ST/img/cxc/kbcard/upload/img/product/04289_img.png,https://card.kbcard.com/CRD/DVIEW/HCAMCXPRICAC0076?mainCC=a&cooperationcode=04289
04291,국민,캐시노트 KB국민카드,신용,https://img1.kbcard.com/ST/img/cxc/kbcard/upload/img/product/04291_img.png,https://card.kbcard.com/CRD/DVIEW/HCAMCXPRICAC0076?mainCC=a&cooperationcode=04291
04320,국민,KB국민 밀크T 카드,신용,https://img1.kbcard.com/ST/img/cxc/kbcard/upload/img/product/04320_img.png,https://card.kbcard.com/CRD/DVIEW/HCAMCXPRICAC0076?mainCC=a&cooperationcode=04320
04324,국민,알뜰폰 Hub Ⅱ 카드,신용,https://img1.kbcard.com/ST/img/cxc/kbcard/upload/img/product/04324_img.png,https://card.kbcard.com/CRD/DVIEW/HCAMCXPRICAC0076?mainCC=a&cooperationcode=04324
04325,국민,쿠쿠렌탈Ⅱ카드,신용,https://img1.kbcard.com/ST/img/cxc/kbcard/upload/img/product/04325_img.png,https://card.kbcard.com/CRD/DVIEW/HCAMCXPRICAC0076?mainCC=a&cooperationcode=04325
04331,국민,세라젬 KB국민카드,신용,https://img1.kbcard.com/ST/img/cxc/kbcard/upload/img/product/04331_img.png,https://card.kbcard.com/CRD/DVIEW/HCAMCXPRICAC0076?mainCC=a&cooperationcode=04331
04336,국민,KB국민 청호나이스Ⅱ카드,신용,https://img1.kbcard.com/ST/img/cxc/kbcard/upload/img/product/04336_img.png,https://card.kbcard.com/CRD/DVIEW/HCAMCXPRICAC0076?mainCC=a&cooperationcode=04336
04345,국민,딜라이브 카드,신용,https://img1.kbcard.com/ST/img/cxc/kbcard/upload/img/product/04345_img.png,https://card.kbcard.com/CRD/DVIEW/HCAMCXPRICAC0076?mainCC=a&cooperationcode=04345
04348,국민,KT 스카이라이프 KB카드,신용,https://img1.kbcard.com/ST/img/cxc/kbcard/upload/img/product/04348_img.png,https://card.kbcard.com/CRD/DVIEW/HCAMCXPRICAC0076?mainCC=a&cooperationcode=04348
04350,국민,toss KB국민카드,신용,https://img1.kbcard.com/ST/img/cxc/kbcard/upload/img/product/04350_img.png,https://card.kbcard.com/CRD/DVIEW/HCAMCXPRICAC0076?mainCC=a&cooperationcode=04350
04351,국민,토스모바일 KB국민카드,신용,https://img1.kbcard.com/ST/img/cxc/kbcard/upload/img/product/04351_img.png,https://card.kbcard.com/CRD/DVIEW/HCAMCXPRICAC0076?mainCC=a&cooperationcode=04351
04361,국민,이마트II KB국민카드,신용,https://img1.kbcard.com/ST/img/cxc/kbcard/upload/img/product/04361_img.png,https://card.kbcard.com/CRD/DVIEW/HCAMCXPRICAC0076?mainCC=a&cooperationcode=04361
04404,국민,KB국민 펫코노미 카드,신용,https://img1.kbcard.com/ST/img/cxc/kbcard/upload/img/product/04404_img.png,https://card.kbcard.com/CRD/DVIEW/HCAMCXPRICAC0076?mainCC=a&cooperationcode=04404
04409,국민,CHALLENGE BAG KB국민카드,신용,https://img1.kbcard.com/ST/img/cxc/kbcard/upload/img/product/04409_img.png,https://card.kbcard.com/CRD/DVIEW/HCAMCXPRICAC0076?mainCC=a&cooperationcode=04409
04415,국민,H.Point KB국민카드,신용,https://img1.kbcard.com/ST/img/cxc/kbcard/upload/img/product/04415_img.png,https://card.kbcard.com/CRD/DVIEW/HCAMCXPRICAC0076?mainCC=a&cooperationcode=04415
04417,국민,교원 웰스 KB국민카드,신용,https://img1.kbcard.com/ST/img/cxc/kbcard/upload/img/product/04417_img.png,https://card.kbcard.com/CRD/DVIEW/HCAMCXPRICAC0076?mainCC=a&cooperationcode=04417
04418,국민,SK인텔릭스 올림 KB국민카드,신용,https://img1.kbcard.com/ST/img/cxc/kbcard/upload/img/product/04418_img.png,https://card.kbcard.com/CRD/DVIEW/HCAMCXPRICAC0076?mainCC=a&cooperationcode=04418
04420,국민,제주항공 J 포인트 KB국민카드,신용,https://img1.kbcard.com/ST/img/cxc/kbcard/upload/img/product/04420_img.png,https://card.kbcard.com/CRD/DVIEW/HCAMCXPRICAC0076?mainCC=a&cooperationcode=04420
04423,국민,코웨이Ⅱ 카드,신용,https://img1.kbcard.com/ST/img/cxc/kbcard/upload/img/product/04423_img.png,https://card.kbcard.com/CRD/DVIEW/HCAMCXPRICAC0076?mainCC=a&cooperationcode=04423
04425,국민,LG전자 KB국민카드,신용,https://img1.kbcard.com/ST/img/cxc/kbcard/upload/img/product/04425_img.png,https://card.kbcard.com/CRD/DVIEW/HCAMCXPRICAC0076?mainCC=a&cooperationcode=04425
04431,국민,GS SHOP KB국민카드,신용,https://img1.kbcard.com/ST/img/cxc/kbcard/upload/img/product/04431_img.png,https://card.kbcard.com/CRD/DVIEW/HCAMCXPRICAC0076?mainCC=a&cooperationcode=04431
04434,국민,삼성페이 KB국민카드,신용,https://img1.kbcard.com/ST/img/cxc/kbcard/upload/img/product/04434_img.png,https://card.kbcard.com/CRD/DVIEW/HCAMCXPRICAC0076?mainCC=a&cooperationcode=04434
04444,국민,AK KB국민카드,신용,https://img1.kbcard.com/ST/img/cxc/kbcard/upload/img/product/04444_img.png,https://card.kbcard.com/CRD/DVIEW/HCAMCXPRICAC0076?mainCC=a&cooperationcode=04444
04451,국민,골든라이프올림카드,신용,https://img1.kbcard.com/ST/img/cxc/kbcard/upload/img/product/04451_img.png,https://card.kbcard.com/CRD/DVIEW/HCAMCXPRICAC0076?mainCC=a&cooperationcode=04451
04459,국민,E1 LPG KB국민카드,신용,https://img1.kbcard.com/ST/img/cxc/kbcard/upload/img/product/04459_img.png,https://card.kbcard.com/CRD/DVIEW/HCAMCXPRICAC0076?mainCC=a&cooperationcode=04459
04485,국민,예다함 카드,신용,https://img1.kbcard.com/ST/img/cxc/kbcard/upload/img/product/04485_img.png,https://card.kbcard.com/CRD/DVIEW/HCAMCXPRICAC0076?mainCC=a&cooperationcode=04485
04491,국민,갤러리아 KB국민카드,신용,https://img1.kbcard.com/ST/img/cxc/kbcard/upload/img/product/04491_img.png,https://card.kbcard.com/CRD/DVIEW/HCAMCXPRICAC0076?mainCC=a&cooperationcode=04491
07986,국민,노리2 체크카드(Play),체크,https://img1.kbcard.com/ST/img/cxc/kbcard/upload/img/product/07986_img.png,https://card.kbcard.com/CRD/DVIEW/HCAMCXPRICAC0076?mainCC=a&cooperationcode=07986
07998,국민,노리2 학생증체크카드,체크,https://img1.kbcard.com/ST/img/cxc/kbcard/upload/img/product/07998_img.png,https://card.kbcard.com/CRD/DVIEW/HCAMCXPRICAC0076?mainCC=a&cooperationcode=07998
09060,국민,CU KB국민카드,신용,https://img1.kbcard.com/ST/img/cxc/kbcard/upload/img/product/09060_img.png,https://card.kbcard.com/CRD/DVIEW/HCAMCXPRICAC0076?mainCC=a&cooperationcode=09060
09063,국민,굿데이올림카드,신용,https://img1.kbcard.com/ST/img/cxc/kbcard/upload/img/product/09063_img.png,https://card.kbcard.com/CRD/DVIEW/HCAMCXPRICAC0076?mainCC=a&cooperationcode=09063
09064,국민,KB국민 Easy shopping카드,신용,https://img1.kbcard.com/ST/img/cxc/kbcard/upload/img/product/09064_img.png,https://card.kbcard.com/CRD/DVIEW/HCAMCXPRICAC0076?mainCC=a&cooperationcode=09064
09113,국민,KB Pay 챌린지카드,신용,https://img1.kbcard.com/ST/img/cxc/kbcard/upload/img/product/09113_img.png,https://card.kbcard.com/CRD/DVIEW/HCAMCXPRICAC0076?mainCC=a&cooperationcode=09113
09114,국민,KB Pay 챌린지+카드,신용,https://img1.kbcard.com/ST/img/cxc/kbcard/upload/img/product/09114_img.png,https://card.kbcard.com/CRD/DVIEW/HCAMCXPRICAC0076?mainCC=a&cooperationcode=09114
09115,국민,American Express Blue Card,신용,https://img1.kbcard.com/ST/img/cxc/kbcard/upload/img/product/09115_img.png,https://card.kbcard.com/CRD/DVIEW/HCAMCXPRICAC0076?mainCC=a&cooperationcode=09115
09116,국민,American Express Rose Gold Card,신용,https://img1.kbcard.com/ST/img/cxc/kbcard/upload/img/product/09116_img.png,https://card.kbcard.com/CRD/DVIEW/HCAMCXPRICAC0076?mainCC=a&cooperationcode=09116
09137,국민,NEED Global 카드,신용,https://img1.kbcard.com/ST/img/cxc/kbcard/upload/img/product/09137_img.png,https://card.kbcard.com/CRD/DVIEW/HCAMCXPRICAC0076?mainCC=a&cooperationcode=09137
09162,국민,ALL point 카드,신용,https://img1.kbcard.com/ST/img/cxc/kbcard/upload/img/product/09162_img.png,https://card.kbcard.com/CRD/DVIEW/HCAMCXPRICAC0076?mainCC=a&cooperationcode=09162
09169,국민,다담카드(비 OTP),신용,https://img1.kbcard.com/ST/img/cxc/kbcard/upload/img/product/09169_img.png,https://card.kbcard.com/CRD/DVIEW/HCAMCXPRICAC0076?mainCC=a&cooperationcode=09169
09174,국민,청춘대로 톡톡카드,신용,https://img1.kbcard.com/ST/img/cxc/kbcard/upload/img/product/09174_img.png,https://card.kbcard.com/CRD/DVIEW/HCAMCXPRICAC0076?mainCC=a&cooperationcode=09174
09180,국민,롯데마트 KB국민카드,신용,https://img1.kbcard.com/ST/img/cxc/kbcard/upload/img/product/09180_img.png,https://card.kbcard.com/CRD/DVIEW/HCAMCXPRICAC0076?mainCC=a&cooperationcode=09180
09231,국민,톡톡 Pay카드,신용,https://img1.kbcard.com/ST/img/cxc/kbcard/upload/img/product/09231_img.png,https://card.kbcard.com/CRD/DVIEW/HCAMCXPRICAC0076?mainCC=a&cooperationcode=09231
09243,국민,Easy pick카드,신용,https://img1.kbcard.com/ST/img/cxc/kbcard/upload/img/product/09243_img.png,https://card.kbcard.com/CRD/DVIEW/HCAMCXPRICAC0076?mainCC=a&cooperationcode=09243
09244,국민,Easy on카드,신용,https://img1.kbcard.com/ST/img/cxc/kbcard/upload/img/product/09244_img.png,https://card.kbcard.com/CRD/DVIEW/HCAMCXPRICAC0076?mainCC=a&cooperationcode=09244
09246,국민,Easy auto 티타늄카드,신용,https://img1.kbcard.com/ST/img/cxc/kbcard/upload/img/product/09246_img.png,https://card.kbcard.com/CRD/DVIEW/HCAMCXPRICAC0076?mainCC=a&cooperationcode=09246
09247,국민,마이핏카드(적립형),신용,https://img1.kbcard.com/ST/img/cxc/kbcard/upload/img/product/09247_img.png,https://card.kbcard.com/CRD/DVIEW/HCAMCXPRICAC0076?mainCC=a&cooperationcode=09247
09248,국민,마이핏카드(할인형),신용,https://img1.kbcard.com/ST/img/cxc/kbcard/upload/img/product/09248_img.png,https://card.kbcard.com/CRD/DVIEW/HCAMCXPRICAC0076?mainCC=a&cooperationcode=09248
09250,국민,The Easy카드,신용,https://img1.kbcard.com/ST/img/cxc/kbcard/upload/img/product/09250_img.png,https://card.kbcard.com/CRD/DVIEW/HCAMCXPRICAC0076?mainCC=a&cooperationcode=09250
09253,국민,Easy ring 티타늄카드,신용,https://img1.kbcard.com/ST/img/cxc/kbcard/upload/img/product/09253_img.png,https://card.kbcard.com/CRD/DVIEW/HCAMCXPRICAC0076?mainCC=a&cooperationcode=09253
09272,국민,톡톡 with카드,신용,https://img1.kbcard.com/ST/img/cxc/kbcard/upload/img/product/09272_img.png,https://card.kbcard.com/CRD/DVIEW/HCAMCXPRICAC0076?mainCC=a&cooperationcode=09272
09283,국민,스마트 지킴이카드,신용,https://img1.kbcard.com/ST/img/cxc/kbcard/upload/img/product/09283_img.png,https://card.kbcard.com/CRD/DVIEW/HCAMCXPRICAC0076?mainCC=a&cooperationcode=09283
09293,국민,쿠팡 와우 카드,신용,https://img1.kbcard.com/ST/img/cxc/kbcard/upload/img/product/29292_img.png,https://card.kbcard.com/CRD/DVIEW/HCAMCXPRICAC0076?mainCC=a&cooperationcode=09293
09297,국민,KB국민 톡톡 with 체크카드,체크,https://img1.kbcard.com/ST/img/cxc/kbcard/upload/img/product/09297_img.png,
09298,국민,YOU Wish up 카드,신용,https://img1.kbcard.com/ST/img/cxc/kbcard/upload/img/product/09298_img.png,https://card.kbcard.com/CRD/DVIEW/HCAMCXPRICAC0076?mainCC=a&cooperationcode=09298
09314,국민,LFmall 신용카드,신용,https://img1.kbcard.com/ST/img/cxc/kbcard/upload/img/product/09314_img.png,https://card.kbcard.com/CRD/DVIEW/HCAMCXPRICAC0076?mainCC=a&cooperationcode=09314
09321,국민,K-패스카드,신용,https://img1.kbcard.com/ST/img/cxc/kbcard/upload/img/product/09321_img.png,https://card.kbcard.com/CRD/DVIEW/HCAMCXPRICAC0076?mainCC=a&cooperationcode=09321
09322,국민,K-패스체크카드,체크,https://img1.kbcard.com/ST/img/cxc/kbcard/upload/img/product/09322_img.png,https://card.kbcard.com/CRD/DVIEW/HCAMCXPRICAC0076?mainCC=a&cooperationcode=09322
09383,국민,KB손해보험 마이펫카드,신용,https://img1.kbcard.com/ST/img/cxc/kbcard/upload/img/product/09383_img.png,https://card.kbcard.com/CRD/DVIEW/HCAMCXPRICAC0076?mainCC=a&cooperationcode=09383
09389,국민,TMAP KB국민카드,신용,https://img1.kbcard.com/ST/img/cxc/kbcard/upload/img/product/09389_img.png,https://card.kbcard.com/CRD/DVIEW/HCAMCXPRICAC0076?mainCC=a&cooperationcode=09389
09561,국민,WE:SH Travel,신용,https://img1.kbcard.com/ST/img/cxc/kbcard/upload/img/product/09561_img.png,https://card.kbcard.com/CRD/DVIEW/HCAMCXPRICAC0076?mainCC=a&cooperationcode=09561
09570,국민,WE:SH Daily 카드,신용,https://img1.kbcard.com/ST/img/cxc/kbcard/upload/img/product/09570_img.png,https://card.kbcard.com/CRD/DVIEW/HCAMCXPRICAC0076?mainCC=a&cooperationcode=09570
09579,국민,KB라이프 딱좋은 요즘 건강 KB카드,신용,https://img1.kbcard.com/ST/img/cxc/kbcard/upload/img/product/09579_img.png,https://card.kbcard.com/CRD/DVIEW/HCAMCXPRICAC0076?mainCC=a&cooperationcode=09579
09659,국민,틴업 체크카드,체크,https://img1.kbcard.com/ST/img/cxc/kbcard/upload/img/product/09659_img.png,https://card.kbcard.com/CRD/DVIEW/HCAMCXPRICAC0076?mainCC=a&cooperationcode=09659
09674,국민,틴업 체크카드(하츄핑),체크,https://img1.kbcard.com/ST/img/cxc/kbcard/upload/img/product/09674_img.png,https://card.kbcard.com/CRD/DVIEW/HCAMCXPRICAC0076?mainCC=a&cooperationcode=09674
09675,국민,틴업 체크카드(초롱핑),체크,https://img1.kbcard.com/ST/img/cxc/kbcard/upload/img/product/09675_img.png,https://card.kbcard.com/CRD/DVIEW/HCAMCXPRICAC0076?mainCC=a&cooperationcode=09675
09676,국민,틴업 체크카드(오로라핑),체크,https://img1.kbcard.com/ST/img/cxc/kbcard/upload/img/product/09676_img.png,https://card.kbcard.com/CRD/DVIEW/HCAMCXPRICAC0076?mainCC=a&cooperationcode=09676
09677,국민,틴업 체크카드(빛나핑),체크,https://img1.kbcard.com/ST/img/cxc/kbcard/upload/img/product/09677_img.png,https://card.kbcard.com/CRD/DVIEW/HCAMCXPRICAC0076?mainCC=a&cooperationcode=09677
09678,국민,틴업 체크카드(빤짝핑),체크,https://img1.kbcard.com/ST/img/cxc/kbcard/upload/img/product/09678_img.png,https://card.kbcard.com/CRD/DVIEW/HCAMCXPRICAC0076?mainCC=a&cooperationcode=09678
09679,국민,틴업 체크카드(왕자핑),체크,https://img1.kbcard.com/ST/img/cxc/kbcard/upload/img/product/09679_img.png,https://card.kbcard.com/CRD/DVIEW/HCAMCXPRICAC0076?mainCC=a&cooperationcode=09679
09771,국민,YOU Prime 카드,신용,https://img1.kbcard.com/ST/img/cxc/kbcard/upload/img/product/09771_img.png,https://card.kbcard.com/CRD/DVIEW/HCAMCXPRICAC0076?mainCC=a&cooperationcode=09771
09780,국민,YOU Wish 카드,신용,https://img1.kbcard.com/ST/img/cxc/kbcard/upload/img/product/09780_img.png,https://card.kbcard.com/CRD/DVIEW/HCAMCXPRICAC0076?mainCC=a&cooperationcode=09780
09792,국민,NEED AutoSlim 카드,신용,https://img1.kbcard.com/ST/img/cxc/kbcard/upload/img/product/09792_img.png,https://card.kbcard.com/CRD/DVIEW/HCAMCXPRICAC0076?mainCC=a&cooperationcode=09792
09800,국민,NEED Pay 카드,신용,https://img1.kbcard.com/ST/img/cxc/kbcard/upload/img/product/09800_img.png,https://card.kbcard.com/CRD/DVIEW/HCAMCXPRICAC0076?mainCC=a&cooperationcode=09800
09821,국민,마라톤카드,신용,https://img1.kbcard.com/ST/img/cxc/kbcard/upload/img/product/09821_img.png,https://card.kbcard.com/CRD/DVIEW/HCAMCXPRICAC0076?mainCC=a&cooperationcode=09821
09923,국민,My WE:SH 카드,신용,https://img1.kbcard.com/ST/img/cxc/kbcard/upload/img/product/39123_img.png,https://card.kbcard.com/CRD/DVIEW/HCAMCXPRICAC0076?mainCC=a&cooperationcode=09923
09924,국민,YOU With 카드,신용,https://img1.kbcard.com/ST/img/cxc/kbcard/upload/img/product/09924_img.png,https://card.kbcard.com/CRD/DVIEW/HCAMCXPRICAC0076?mainCC=a&cooperationcode=09924
09922,국민,ALL 카드,신용,https://img1.kbcard.com/ST/img/cxc/kbcard/upload/img/product/09922_img.png,https://card.kbcard.com/CRD/DVIEW/HCAMCXPRICAC0076?mainCC=a&cooperationcode=09922
09061,국민,굿데이카드,신용,https://img1.kbcard.com/ST/img/cxc/kbcard/upload/img/product/09061_img.png,https://card.kbcard.com/CRD/DVIEW/HCAMCXPRICAC0076?mainCC=a&cooperationcode=09061
02065,국민,국민행복카드,신용,https://img1.kbcard.com/ST/img/cxc/kbcard/upload/img/product/02065_img.png,https://card.kbcard.com/CRD/DVIEW/HCAMCXPRICAC0076?mainCC=a&cooperationcode=02065
01506,국민,T 라이트 KB국민카드,신용,https://img1.kbcard.com/ST/img/cxc/kbcard/upload/img/product/01506_img.png,https://card.kbcard.com/CRD/DVIEW/HCAMCXPRICAC0076?mainCC=a&cooperationcode=01506
01507,국민,KT 할부 Plus KB국민카드,신용,https://img1.kbcard.com/ST/img/cxc/kbcard/upload/img/product/01507_img.png,https://card.kbcard.com/CRD/DVIEW/HCAMCXPRICAC0076?mainCC=a&cooperationcode=01507
01508,국민,LGU+ 라이트할부 Ⅱ KB국민카드,신용,https://img1.kbcard.com/ST/img/cxc/kbcard/upload/img/product/01508_img.png,https://card.kbcard.com/CRD/DVIEW/HCAMCXPRICAC0076?mainCC=a&cooperationcode=01508
09153,국민,마일리지 가온카드(대한항공),신용,https://img1.kbcard.com/ST/img/cxc/kbcard/upload/img/product/09153_img.png,https://card.kbcard.com/CRD/DVIEW/HCAMCXPRICAC0076?mainCC=a&cooperationcode=09153
04426,국민,넥센타이어 KB국민카드,신용,https://img1.kbcard.com/ST/img/cxc/kbcard/upload/img/product/04426_img.png,https://card.kbcard.com/CRD/DVIEW/HCAMCXPRICAC0076?mainCC=a&cooperationcode=04426
07964,국민,노리2 체크카드(KB Pay),체크,https://img1.kbcard.com/ST/img/cxc/kbcard/upload/img/product/07964_img.png,https://card.kbcard.com/CRD/DVIEW/HCAMCXPRICAC0076?mainCC=a&cooperationcode=07964
09564,국민,트래블러스 체크카드(토심이),체크,https://img1.kbcard.com/ST/img/cxc/kbcard/upload/img/product/09564_img.png,https://card.kbcard.com/CRD/DVIEW/HCAMCXPRICAC0076?mainCC=a&cooperationcode=09564
09347,국민,K-패스체크카드(경기패스 디자인),체크,https://img1.kbcard.com/ST/img/cxc/kbcard/upload/img/product/09347_img.png,https://card.kbcard.com/CRD/DVIEW/HCAMCXPRICAC0076?mainCC=a&cooperationcode=09347
07972,국민,노리2 체크카드(Global),체크,https://img1.kbcard.com/ST/img/cxc/kbcard/upload/img/product/07972_img.png,https://card.kbcard.com/CRD/DVIEW/HCAMCXPRICAC0076?mainCC=a&cooperationcode=07972
09562,국민,트래블러스 체크카드,체크,https://img1.kbcard.com/ST/img/cxc/kbcard/upload/img/product/09562_img.png,https://card.kbcard.com/CRD/DVIEW/HCAMCXPRICAC0076?mainCC=a&cooperationcode=09562
04919,국민,기후동행 체크카드,체크,https://img1.kbcard.com/ST/img/cxc/kbcard/upload/img/product/04919_img.png,https://card.kbcard.com/CRD/DVIEW/HCAMCXPRICAC0076?mainCC=a&cooperationcode=04919
02066,국민,국민행복체크카드,체크,https://img1.kbcard.com/ST/img/cxc/kbcard/upload/img/product/02066_img.png,https://card.kbcard.com/CRD/DVIEW/HCAMCXPRICAC0076?mainCC=a&cooperationcode=02066
01760,국민,첵첵 체크카드(마루는강쥐),체크,https://img1.kbcard.com/ST/img/cxc/kbcard/upload/img/product/01760_img.png,https://card.kbcard.com/CRD/DVIEW/HCAMCXPRICAC0076?mainCC=a&cooperationcode=01760
07960,국민,토심이 첵첵 체크카드,체크,https://img1.kbcard.com/ST/img/cxc/kbcard/upload/img/product/07960_img.png,https://card.kbcard.com/CRD/DVIEW/HCAMCXPRICAC0076?mainCC=a&cooperationcode=07960
09349,국민,전통시장온누리체크카드,체크,https://img1.kbcard.com/ST/img/cxc/kbcard/upload/img/product/09349_img.png,https://card.kbcard.com/CRD/DVIEW/HCAMCXPRICAC0076?mainCC=a&cooperationcode=09349
01988,국민,청춘대로 싱글 체크카드,체크,https://img1.kbcard.com/ST/img/cxc/kbcard/upload/img/product/01988_img.png,https://card.kbcard.com/CRD/DVIEW/HCAMCXPRICAC0076?mainCC=a&cooperationcode=01988
09324,국민,K-패스체크카드(농협계좌),체크,https://img1.kbcard.com/ST/img/cxc/kbcard/upload/img/product/09324_img.png,https://card.kbcard.com/CRD/DVIEW/HCAMCXPRICAC0076?mainCC=a&cooperationcode=09324
09790,국민,NEED Edu카드,신용,https://img1.kbcard.com/ST/img/cxc/kbcard/upload/img/product/09790_img.png,https://card.kbcard.com/CRD/DVIEW/HCAMCXPRICAC0076?mainCC=a&cooperationcode=09790
04918,국민,기후동행카드,신용,https://img1.kbcard.com/ST/img/cxc/kbcard/upload/img/product/04918_img.png,https://card.kbcard.com/CRD/DVIEW/HCAMCXPRICAC0076?mainCC=a&cooperationcode=04918
04494,국민,보람상조 KB카드,신용,https://img1.kbcard.com/ST/img/cxc/kbcard/upload/img/product/04494_img.png,https://card.kbcard.com/CRD/DVIEW/HCAMCXPRICAC0076?mainCC=a&cooperationcode=04494
04241,국민,Liiv M Ⅱ 카드,신용,https://img1.kbcard.com/ST/img/cxc/kbcard/upload/img/product/04241_img.png,https://card.kbcard.com/CRD/DVIEW/HCAMCXPRICAC0076?mainCC=a&cooperationcode=04241
04290,국민,KMVNO 알뜰폰 카드,신용,https://img1.kbcard.com/ST/img/cxc/kbcard/upload/img/product/04290_img.png,https://card.kbcard.com/CRD/DVIEW/HCAMCXPRICAC0076?mainCC=a&cooperationcode=04290
09106,국민,Biz Prime 카드,신용,https://img1.kbcard.com/ST/img/cxc/kbcard/upload/img/product/09106_img.png,https://card.kbcard.com/CRD/DVIEW/HCAMCXPRICAC0076?mainCC=a&cooperationcode=09106
09348,국민,전통시장온누리카드,신용,https://img1.kbcard.com/ST/img/cxc/kbcard/upload/img/product/09348_img.png,https://card.kbcard.com/CRD/DVIEW/HCAMCXPRICAC0076?mainCC=a&cooperationcode=09348
09291,국민,사장님카드,신용,https://img1.kbcard.com/ST/img/cxc/kbcard/upload/img/product/09291_img.png,https://card.kbcard.com/CRD/DVIEW/HCAMCXPRICAC0076?mainCC=a&cooperationcode=09291
09183,국민,탄탄대로 Biz카드,신용,https://img1.kbcard.com/ST/img/cxc/kbcard/upload/img/product/09183_img.png,https://card.kbcard.com/CRD/DVIEW/HCAMCXPRICAC0076?mainCC=a&cooperationcode=09183
09176,국민,가온 Biz카드,신용,https://img1.kbcard.com/ST/img/cxc/kbcard/upload/img/product/09176_img.png,https://card.kbcard.com/CRD/DVIEW/HCAMCXPRICAC0076?mainCC=a&cooperationcode=09176
04131,국민,KB국민 군인연금증 신용카드(비사진),신용,https://img1.kbcard.com/ST/img/cxc/kbcard/upload/img/product/04131_img.png,https://card.kbcard.com/CRD/DVIEW/HCAMCXPRICAC0076?mainCC=a&cooperationcode=04131
00996,국민,국방멤버쉽카드,신용,https://img1.kbcard.com/ST/img/cxc/kbcard/upload/img/product/00996_img.png,https://card.kbcard.com/CRD/DVIEW/HCAMCXPRICAC0076?mainCC=a&cooperationcode=00996
04095,국민,스타트럭Ⅱ GS칼텍스카드,신용,https://img1.kbcard.com/ST/img/cxc/kbcard/upload/img/product/04095_img.png,https://card.kbcard.com/CRD/DVIEW/HCAMCXPRICAC0076?mainCC=a&cooperationcode=04095
04088,국민,스타트럭플러스 S-OIL카드,신용,https://img1.kbcard.com/ST/img/cxc/kbcard/upload/img/product/04088_img.png,https://card.kbcard.com/CRD/DVIEW/HCAMCXPRICAC0076?mainCC=a&cooperationcode=04088
04092,국민,스타트럭 플러스 HD현대오일뱅크카드,신용,https://img1.kbcard.com/ST/img/cxc/kbcard/upload/img/product/04092_img.png,https://card.kbcard.com/CRD/DVIEW/HCAMCXPRICAC0076?mainCC=a&cooperationcode=04092
04550,국민,SK내트럭 유가보조금카드,신용,https://img1.kbcard.com/ST/img/cxc/kbcard/upload/img/product/04550_img.png,https://card.kbcard.com/CRD/DVIEW/HCAMCXPRICAC0076?mainCC=a&cooperationcode=04550
09084,국민,보탬e전용카드,신용,https://img1.kbcard.com/ST/img/cxc/kbcard/upload/img/product/09084_img.png,https://card.kbcard.com/CRD/DVIEW/HCAMCXPRICAC0076?mainCC=a&cooperationcode=09084
02083,국민,LG 헬로비전Ⅱ카드,신용,https://img1.kbcard.com/ST/img/cxc/kbcard/upload/img/product/02083_img.png,https://card.kbcard.com/CRD/DVIEW/HCAMCXPRICAC0076?mainCC=a&cooperationcode=02083
04366,국민,SK 7mobileⅡ 카드,신용,https://img1.kbcard.com/ST/img/cxc/kbcard/upload/img/product/04366_img.png,https://card.kbcard.com/CRD/DVIEW/HCAMCXPRICAC0076?mainCC=a&cooperationcode=04366
04367,국민,U＋유모바일Ⅱ카드,신용,https://img1.kbcard.com/ST/img/cxc/kbcard/upload/img/product/04367_img.png,https://card.kbcard.com/CRD/DVIEW/HCAMCXPRICAC0076?mainCC=a&cooperationcode=04367
04368,국민,kt M mobileⅡ카드,신용,https://img1.kbcard.com/ST/img/cxc/kbcard/upload/img/product/04368_img.png,https://card.kbcard.com/CRD/DVIEW/HCAMCXPRICAC0076?mainCC=a&cooperationcode=04368
