notice_id,card_id,notice_content,updated_at
AAP1846_N0001,AAP1846,"[필수 안내 사항]
연체이자율 : 회원별·이용상품별 정상이자율 + 3%p (최고 연 20.0%) 연체 발생 시점에 정상이자율이 없는 경우 아래와 같이 적용 ① 일시불 거래 연체 시 : 거래 발생 시점의 최소 기간 (2개월) 유이자할부 이자율 ② 무이자할부 거래 연체 시 : 거래 발생 시점의 동일한 할부 계약기간 유이자할부 이자율
금융상품 이용 전 상품설명서, 약관을 통해 이용조건을 확인해 주시기 바랍니다.
필요 이상으로 신용카드를 발급 및 이용하실 경우 개인신용평점, 이용한도 등에 영향을 미칠 수 있습니다.
상환 능력에 비해 신용카드 사용액이 과도할 경우 귀하의 개인신용평점이 하락할 수 있습니다.
개인신용평점 하락 시 금융거래 관련된 불이익이 발생할 수 있습니다.
일정 기간 원리금을 연체할 경우, 모든 원리금을 변제할 의무가 발생할 수 있습니다.
금융소비자는 해당 상품 또는 서비스에 대하여 설명을 받을 권리가 있습니다.
신용카드 발급이 부적정한 경우(개인신용평점 낮음 등) 카드 발급이 제한될 수 있습니다.
카드 이용대금과 이에 수반되는 모든 수수료를 지정된 대금 결제일에 상환합니다.
심의번호 : 여신금융협회 심의필 제 2025 - C1h - 15472호(2025-10-24 ~ 2026-10-23)
카드 출시일자 : 2024-11-14

[부가서비스 변경 가능 사유]
① 카드사의 휴업·파산·경영상의 위기 등에 따른 불가피한 경우 : 사유발생 즉시
② 제휴업체의 휴업·파산·경영상의 위기로 인해 불가피하게 부가서비스를 축소·변경하는 경우로서 다른 제휴업체를 통해 동종의 유사한 부가서비스 제공이 불가한 경우 : 사유발생 즉시
③ 제휴업체가 카드사의 의사에 반하여 해당 부가서비스를 축소하거나 변경 시, 당초 부가서비스에 상응하는 다른 부가서비스를 제공하는 경우 : 사유발생 즉시
④ 부가서비스를 3년 이상 제공한 상태에서 해당 부가서비스로 인해 상품의 수익성이 현저히 낮아진 경우 : 부가서비스 변경일 6개월 전부터 매월
* 카드를 이용하는 경우 제공되는 포인트 및 할인혜택 등의 부가서비스는 카드 신규 출시 이후 다음 사유 중 어느 하나에 해당하는 경우 외에는 변경할 수 없습니다.(단, 회원의 권익을 증진하거나 부담을 완화하는 경우는 제외)
카드사가 부가서비스를 변경하는 경우에는 변경사유, 변경 내용 등을 다음에서 정하는 기간에 따라 서면교부, 우편 또는 전자우편, 전화 또는 팩스, 휴대폰 메시지 또는 이에 준하는 전자적 의사표시 중 2가지 이상의 방법으로 고지하여 드립니다.",2026-06-08 05:55:58
AAP1653_N0001,AAP1653,"[필수 안내 사항]
연체이자율 : 회원별·이용상품별 정상이자율 + 3%p (최고 연 20.0%) 연체 발생 시점에 정상이자율이 없는 경우 아래와 같이 적용 ① 일시불 거래 연체 시 : 거래 발생 시점의 최소 기간 (2개월) 유이자할부 이자율 ② 무이자할부 거래 연체 시 : 거래 발생 시점의 동일한 할부 계약기간 유이자할부 이자율
금융상품 이용 전 상품설명서, 약관을 통해 이용조건을 확인해 주시기 바랍니다.
필요 이상으로 신용카드를 발급 및 이용하실 경우 개인신용평점, 이용한도 등에 영향을 미칠 수 있습니다.
상환 능력에 비해 신용카드 사용액이 과도할 경우 귀하의 개인신용평점이 하락할 수 있습니다.
개인신용평점 하락 시 금융거래 관련된 불이익이 발생할 수 있습니다.
일정 기간 원리금을 연체할 경우, 모든 원리금을 변제할 의무가 발생할 수 있습니다.
금융소비자는 해당 상품 또는 서비스에 대하여 설명을 받을 권리가 있습니다.
신용카드 발급이 부적정한 경우(개인신용평점 낮음 등) 카드 발급이 제한될 수 있습니다.
카드 이용대금과 이에 수반되는 모든 수수료를 지정된 대금 결제일에 상환합니다.
심의번호 : 여신금융협회 심의필 제2020-C1h-07091호(2020-08-10)
카드 출시일자 : 2020-04-01

[부가서비스 변경 가능 사유]
① 카드사의 휴업·파산·경영상의 위기 등에 따른 불가피한 경우 : 사유발생 즉시
② 제휴업체의 휴업·파산·경영상의 위기로 인해 불가피하게 부가서비스를 축소·변경하는 경우로서 다른 제휴업체를 통해 동종의 유사한 부가서비스 제공이 불가한 경우 : 사유발생 즉시
③ 제휴업체가 카드사의 의사에 반하여 해당 부가서비스를 축소하거나 변경 시, 당초 부가서비스에 상응하는 다른 부가서비스를 제공하는 경우 : 사유발생 즉시
④ 부가서비스를 3년 이상 제공한 상태에서 해당 부가서비스로 인해 상품의 수익성이 현저히 낮아진 경우 : 부가서비스 변경일 6개월 전부터 매월
* 카드를 이용하는 경우 제공되는 포인트 및 할인혜택 등의 부가서비스는 카드 신규 출시 이후 다음 사유 중 어느 하나에 해당하는 경우 외에는 변경할 수 없습니다.(단, 회원의 권익을 증진하거나 부담을 완화하는 경우는 제외)
카드사가 부가서비스를 변경하는 경우에는 변경사유, 변경 내용 등을 다음에서 정하는 기간에 따라 서면교부, 우편 또는 전자우편, 전화 또는 팩스, 휴대폰 메시지 또는 이에 준하는 전자적 의사표시 중 2가지 이상의 방법으로 고지하여 드립니다.",2026-06-08 05:56:37
AAP1911_N0001,AAP1911,"[필수 안내 사항]
연체이자율 : 회원별·이용상품별 정상이자율 + 3.0%p (최고 연 20.0%) 연체 발생 시점에 정상이자율이 없는 경우 아래와 같이 적용 ① 일시불 거래 연체 시 : 거래 발생 시점의 최소 기간 (2개월) 유이자할부 이자율 ② 무이자할부 거래 연체 시 : 거래 발생 시점의 동일한 할부 계약기간 유이자할부 이자율 ③ 그 외의 경우 : 상법상 상사법정이율과 상호금융 가계자금대출금리 중 높은 이자율 (가계자금대출금리 : 한국은행에서 매월 발표하는 가장 최근의 비은행 금융기관 가중평균대출금리(신규 대출 기준))
금융상품 이용 전 상품설명서, 약관을 통해 이용조건을 확인해 주시기 바랍니다.
필요 이상으로 신용카드를 발급 및 이용하실 경우 개인신용평점, 이용한도 등에 영향을 미칠 수 있습니다.
상환 능력에 비해 신용카드 사용액이 과도할 경우 귀하의 개인신용평점이 하락할 수 있습니다.
개인신용평점 하락 시 금융거래 관련된 불이익이 발생할 수 있습니다.
일정 기간 원리금을 연체할 경우, 모든 원리금을 변제할 의무가 발생할 수 있습니다.
금융소비자는 금융소비자보호법 제 19조 제 1항에 따라 해당 상품 또는 서비스에 대하여 설명을 받을 권리가 있습니다.
신용카드 발급이 부적정한 경우(개인신용평점 낮음 등) 카드 발급이 제한될 수 있습니다.
카드 이용대금과 이에 수반되는 모든 수수료를 지정된 대금 결제일에 상환합니다.
심의번호 : 여신금융협회 심의필 제 2026 - C1h - 05832호(2026-04-23 ~ 2027-04-22)
카드 출시일자 : 2026-02-25

[부가서비스 변경 가능 사유]
① 카드사의 휴업·파산·경영상의 위기 등에 따른 불가피한 경우 : 사유발생 즉시
② 제휴업체의 휴업·파산·경영상의 위기로 인해 불가피하게 부가서비스를 축소·변경하는 경우로서 다른 제휴업체를 통해 동종의 유사한 부가서비스 제공이 불가한 경우 : 사유발생 즉시
③ 제휴업체가 카드사의 의사에 반하여 해당 부가서비스를 축소하거나 변경 시, 당초 부가서비스에 상응하는 다른 부가서비스를 제공하는 경우 : 사유발생 즉시
④ 부가서비스를 3년 이상 제공한 상태에서 해당 부가서비스로 인해 상품의 수익성이 현저히 낮아진 경우 : 부가서비스 변경일 6개월 전부터 매월
* 카드를 이용하는 경우 제공되는 포인트 및 할인혜택 등의 부가서비스는 카드 신규 출시 이후 다음 사유 중 어느 하나에 해당하는 경우 외에는 변경할 수 없습니다.(단, 회원의 권익을 증진하거나 부담을 완화하는 경우는 제외)
카드사가 부가서비스를 변경하는 경우에는 변경사유, 변경 내용 등을 다음에서 정하는 기간에 따라 서면교부, 우편 또는 전자우편, 전화 또는 팩스, 휴대폰 메시지 또는 이에 준하는 전자적 의사표시 중 서로 다른 2가지 이상의 방법으로 고지하여 드립니다.",2026-06-08 05:57:15
AAP1501_N0001,AAP1501,"[필수 안내 사항]
연체이자율 : 회원별·이용상품별 정상이자율 + 3%p (최고 연 20.0%) 연체 발생 시점에 정상이자율이 없는 경우 아래와 같이 적용 ① 일시불 거래 연체 시 : 거래 발생 시점의 최소 기간 (2개월) 유이자할부 이자율 ② 무이자할부 거래 연체 시 : 거래 발생 시점의 동일한 할부 계약기간 유이자할부 이자율
금융상품 이용 전 상품설명서, 약관을 통해 이용조건을 확인해 주시기 바랍니다.
필요 이상으로 신용카드를 발급 및 이용하실 경우 개인신용평점, 이용한도 등에 영향을 미칠 수 있습니다.
상환 능력에 비해 신용카드 사용액이 과도할 경우 귀하의 개인신용평점이 하락할 수 있습니다.
개인신용평점 하락 시 금융거래 관련된 불이익이 발생할 수 있습니다.
일정 기간 원리금을 연체할 경우, 모든 원리금을 변제할 의무가 발생할 수 있습니다.
금융소비자는 해당 상품 또는 서비스에 대하여 설명을 받을 권리가 있습니다.
신용카드 발급이 부적정한 경우(개인신용평점 낮음 등) 카드 발급이 제한될 수 있습니다.
카드 이용대금과 이에 수반되는 모든 수수료를 지정된 대금 결제일에 상환합니다.
심의번호 : 여신금융협회 심의필 제2019-C1h-08823호(2019-10-01)
카드 출시일자 : 2016-07-08

[부가서비스 변경 가능 사유]
① 카드사의 휴업·파산·경영상의 위기 등에 따른 불가피한 경우 : 사유발생 즉시
② 제휴업체의 휴업·파산·경영상의 위기로 인해 불가피하게 부가서비스를 축소·변경하는 경우로서 다른 제휴업체를 통해 동종의 유사한 부가서비스 제공이 불가한 경우 : 사유발생 즉시
③ 제휴업체가 카드사의 의사에 반하여 해당 부가서비스를 축소하거나 변경 시, 당초 부가서비스에 상응하는 다른 부가서비스를 제공하는 경우 : 사유발생 즉시
④ 부가서비스를 3년 이상 제공한 상태에서 해당 부가서비스로 인해 상품의 수익성이 현저히 낮아진 경우 : 부가서비스 변경일 6개월 전부터 매월
* 카드를 이용하는 경우 제공되는 포인트 및 할인혜택 등의 부가서비스는 카드 신규 출시 이후 다음 사유 중 어느 하나에 해당하는 경우 외에는 변경할 수 없습니다.(단, 회원의 권익을 증진하거나 부담을 완화하는 경우는 제외)
카드사가 부가서비스를 변경하는 경우에는 변경사유, 변경 내용 등을 다음에서 정하는 기간에 따라 서면교부, 우편 또는 전자우편, 전화 또는 팩스, 휴대폰 메시지 또는 이에 준하는 전자적 의사표시 중 2가지 이상의 방법으로 고지하여 드립니다.",2026-06-08 05:57:42
ABP1459_N0001,ABP1459,"[필수 안내 사항]
연체이자율 : 회원별·이용상품별 정상이자율 + 3%p (최고 연 20.0%) 연체 발생 시점에 정상이자율이 없는 경우 아래와 같이 적용 ① 일시불 거래 연체 시 : 거래 발생 시점의 최소 기간 (2개월) 유이자할부 이자율 ② 무이자할부 거래 연체 시 : 거래 발생 시점의 동일한 할부 계약기간 유이자할부 이자율 ③ 그 외의 경우 : 상법상 상사법정이율과 상호금융 가계자금대출금리 중 높은 이자율 (가계자금대출금리 : 한국은행에서 매월 발표하는 가장 최근의 비은행 금융기관 가중평균대출금리(신규 대출 기준))
금융상품 이용 전 상품설명서, 약관을 통해 이용조건을 확인해 주시기 바랍니다.
필요 이상으로 신용카드를 발급 및 이용하실 경우 개인신용평점, 이용한도 등에 영향을 미칠 수 있습니다.
상환 능력에 비해 신용카드 사용액이 과도할 경우 귀하의 개인신용평점이 하락할 수 있습니다.
개인신용평점 하락 시 금융거래 관련된 불이익이 발생할 수 있습니다.
일정 기간 원리금을 연체할 경우, 모든 원리금을 변제할 의무가 발생할 수 있습니다.
금융소비자는 해당 상품 또는 서비스에 대하여 설명을 받을 권리가 있습니다.
신용카드 발급이 부적정한 경우(개인신용평점 낮음 등) 카드 발급이 제한될 수 있습니다.
카드 이용대금과 이에 수반되는 모든 수수료를 지정된 대금 결제일에 상환합니다.
심의번호 : H3121-16-1137(2016-05-26)
카드 출시일자 : 2016-05-30

[부가서비스 변경 가능 사유]
① 카드사의 휴업·파산·경영상의 위기 등에 따른 불가피한 경우 : 사유발생 즉시
② 제휴업체의 휴업·파산·경영상의 위기로 인해 불가피하게 부가서비스를 축소·변경하는 경우로서 다른 제휴업체를 통해 동종의 유사한 부가서비스 제공이 불가한 경우 : 사유발생 즉시
③ 제휴업체가 카드사의 의사에 반하여 해당 부가서비스를 축소하거나 변경 시, 당초 부가서비스에 상응하는 다른 부가서비스를 제공하는 경우 : 사유발생 즉시
④ 부가서비스를 3년 이상 제공한 상태에서 해당 부가서비스로 인해 상품의 수익성이 현저히 낮아진 경우 : 부가서비스 변경일 6개월 전부터 매월
* 카드를 이용하는 경우 제공되는 포인트 및 할인혜택 등의 부가서비스는 카드 신규 출시 이후 다음 사유 중 어느 하나에 해당하는 경우 외에는 변경할 수 없습니다.(단, 회원의 권익을 증진하거나 부담을 완화하는 경우는 제외)
카드사가 부가서비스를 변경하는 경우에는 변경사유, 변경 내용 등을 다음에서 정하는 기간에 따라 서면교부, 우편 또는 전자우편, 전화 또는 팩스, 휴대폰 메시지 또는 이에 준하는 전자적 의사표시 중 2가지 이상의 방법으로 고지하여 드립니다.",2026-06-08 05:58:42
AAP1200_N0001,AAP1200,"[필수 안내 사항]
연체이자율 : 회원별·이용상품별 정상이자율 + 3%p (최고 연 20.0%) 연체 발생 시점에 정상이자율이 없는 경우 아래와 같이 적용 ① 일시불 거래 연체 시 : 거래 발생 시점의 최소 기간 (2개월) 유이자할부 이자율 ② 무이자할부 거래 연체 시 : 거래 발생 시점의 동일한 할부 계약기간 유이자할부 이자율
금융상품 이용 전 상품설명서, 약관을 통해 이용조건을 확인해 주시기 바랍니다.
필요 이상으로 신용카드를 발급 및 이용하실 경우 개인신용평점, 이용한도 등에 영향을 미칠 수 있습니다.
상환 능력에 비해 신용카드 사용액이 과도할 경우 귀하의 개인신용평점이 하락할 수 있습니다.
개인신용평점 하락 시 금융거래 관련된 불이익이 발생할 수 있습니다.
일정 기간 원리금을 연체할 경우, 모든 원리금을 변제할 의무가 발생할 수 있습니다.
금융소비자는 해당 상품 또는 서비스에 대하여 설명을 받을 권리가 있습니다.
신용카드 발급이 부적정한 경우(개인신용평점 낮음 등) 카드 발급이 제한될 수 있습니다.
카드 이용대금과 이에 수반되는 모든 수수료를 지정된 대금 결제일에 상환합니다.
심의번호 : 준법심의필 I3133-25-6526(2025-11-03)
카드 출시일자 : 2011-06-20

[부가서비스 변경 가능 사유]
① 카드사의 휴업·파산·경영상의 위기 등에 따른 불가피한 경우 : 사유발생 즉시
② 제휴업체의 휴업·파산·경영상의 위기로 인해 불가피하게 부가서비스를 축소·변경하는 경우로서 다른 제휴업체를 통해 동종의 유사한 부가서비스 제공이 불가한 경우 : 사유발생 즉시
③ 제휴업체가 카드사의 의사에 반하여 해당 부가서비스를 축소하거나 변경 시, 당초 부가서비스에 상응하는 다른 부가서비스를 제공하는 경우 : 사유발생 즉시
④ 부가서비스를 1년 이상 제공한 상태에서 해당 부가서비스로 인해 상품의 수익성이 현저히 낮아진 경우 : 부가서비스 변경일 6개월 전부터 매월
* 카드를 이용하는 경우 제공되는 포인트 및 할인혜택 등의 부가서비스는 카드 신규 출시 이후 다음 사유 중 어느 하나에 해당하는 경우 외에는 변경할 수 없습니다. (단, 회원의 권익을 증진하거나 부담을 완화하는 경우는 제외)
카드사가 부가서비스를 변경하는 경우에는 변경사유, 변경 내용 등을 다음에서 정하는 기간에 따라 서면교부, 우편 또는 전자우편, 전화 또는 팩스, 휴대폰 메시지 또는 이에 준하는 전자적 의사표시 중 2가지 이상의 방법으로 고지하여 드립니다.",2026-06-08 05:59:53
AAP1832_N0001,AAP1832,"[필수 안내 사항]
연체이자율 : 회원별·이용상품별 정상이자율 + 3.0%p (최고 연 20.0%) 연체 발생 시점에 정상이자율이 없는 경우 아래와 같이 적용 ① 일시불 거래 연체 시 : 거래 발생 시점의 최소 기간 (2개월) 유이자할부 이자율 ② 무이자할부 거래 연체 시 : 거래 발생 시점의 동일한 할부 계약기간 유이자할부 이자율
금융상품 이용 전 상품설명서, 약관을 통해 이용조건을 확인해 주시기 바랍니다.
필요 이상으로 신용카드를 발급 및 이용하실 경우 개인신용평점, 이용한도 등에 영향을 미칠 수 있습니다.
상환 능력에 비해 신용카드 사용액이 과도할 경우 귀하의 개인신용평점이 하락할 수 있습니다.
개인신용평점 하락 시 금융거래 관련된 불이익이 발생할 수 있습니다.
일정 기간 원리금을 연체할 경우, 모든 원리금을 변제할 의무가 발생할 수 있습니다.
금융소비자는 금융소비자보호법 제 19조 제 1항에 따라 해당 상품 또는 서비스에 대하여 설명을 받을 권리가 있습니다.
신용카드 발급이 부적정한 경우(개인신용평점 낮음 등) 카드 발급이 제한될 수 있습니다.
카드 이용대금과 이에 수반되는 모든 수수료를 지정된 대금 결제일에 상환합니다.
심의번호 : 준법심의필 I3133-26-1904(2026-04-15 ~ 2027-04-14)
카드 출시일자 : 2024-08-26

[부가서비스 변경 가능 사유]
① 카드사의 휴업·파산·경영상의 위기 등에 따른 불가피한 경우 : 사유발생 즉시
② 제휴업체의 휴업·파산·경영상의 위기로 인해 불가피하게 부가서비스를 축소·변경하는 경우로서 다른 제휴업체를 통해 동종의 유사한 부가서비스 제공이 불가한 경우 : 사유발생 즉시
③ 제휴업체가 카드사의 의사에 반하여 해당 부가서비스를 축소하거나 변경 시, 당초 부가서비스에 상응하는 다른 부가서비스를 제공하는 경우 : 사유발생 즉시
④ 부가서비스를 3년 이상 제공한 상태에서 해당 부가서비스로 인해 상품의 수익성이 현저히 낮아진 경우 : 부가서비스 변경일 6개월 전부터 매월
* 카드를 이용하는 경우 제공되는 포인트 및 할인혜택 등의 부가서비스는 카드 신규 출시 이후 다음 사유 중 어느 하나에 해당하는 경우 외에는 변경할 수 없습니다.(단, 회원의 권익을 증진하거나 부담을 완화하는 경우는 제외)
카드사가 부가서비스를 변경하는 경우에는 변경사유, 변경 내용 등을 다음에서 정하는 기간에 따라 서면교부, 우편 또는 전자우편, 전화 또는 팩스, 휴대폰 메시지 또는 이에 준하는 전자적 의사표시 중 2가지 이상의 방법으로 고지하여 드립니다.

[기타 안내 사항]
삼성카드 가맹점 업종 분류 기준에 의한 등록 가맹점에 한합니다.
삼성카드는 아래 항목을 공과금으로 분류하고 있습니다. 전기요금, 사회보험료(건강보험/국민연금/고용보험/산재보험), 우편요금, 도시가스요금, 여권 발급비용, 상하수도요금, 과태료, 범칙금, 벌금, 국가/공공기관/공공단체(지방자치단체, 공공조합, 영조물, 공재단)에서 개설한 가맹점 이용금액
결제 취소금액은 매출취소전표가 삼성카드에 접수된 달의 이용금액에서 차감됩니다. 혜택이 적용된 결제건이 취소될 경우, 할인, 포인트 적립 등의 횟수 및 한도는 매출취소전표가 접수된 이후에 복원 포인트가 적립된 결제건이 취소될 경우, 해당 포인트는 보유 포인트에서 자동 차감되며, 포인트 부족 시 카드 결제계좌에서 자동 출금",2026-06-08 06:00:35
ABP1283_N0001,ABP1283,"[필수 안내 사항]
연체이자율 : 회원별·이용상품별 정상이자율 + 3%p (최고 연 20.0%) 연체 발생 시점에 정상이자율이 없는 경우 아래와 같이 적용 ① 일시불 거래 연체 시 : 거래 발생 시점의 최소 기간 (2개월) 유이자할부 이자율 ② 무이자할부 거래 연체 시 : 거래 발생 시점의 동일한 할부 계약기간 유이자할부 이자율 ③ 그 외의 경우 : 상법상 상사법정이율과 상호금융 가계자금대출금리 중 높은 이자율 (가계자금대출금리 : 한국은행에서 매월 발표하는 가장 최근의 비은행 금융기관 가중평균대출금리(신규 대출 기준))
금융상품 이용 전 상품설명서, 약관을 통해 이용조건을 확인해 주시기 바랍니다.
필요 이상으로 신용카드를 발급 및 이용하실 경우 개인신용평점, 이용한도 등에 영향을 미칠 수 있습니다.
상환 능력에 비해 신용카드 사용액이 과도할 경우 귀하의 개인신용평점이 하락할 수 있습니다.
개인신용평점 하락 시 금융거래 관련된 불이익이 발생할 수 있습니다.
일정 기간 원리금을 연체할 경우, 모든 원리금을 변제할 의무가 발생할 수 있습니다.
금융소비자는 해당 상품 또는 서비스에 대하여 설명을 받을 권리가 있습니다.
신용카드 발급이 부적정한 경우(개인신용평점 낮음 등) 카드 발급이 제한될 수 있습니다.
카드 이용대금과 이에 수반되는 모든 수수료를 지정된 대금 결제일에 상환합니다.
심의번호 : H3121-16-588(2016-03-25)
카드 출시일자 : 2009-01-13

[부가서비스 변경 가능 사유]
① 카드사의 휴업·파산·경영상의 위기 등에 따른 불가피한 경우 : 사유발생 즉시
② 제휴업체의 휴업·파산·경영상의 위기로 인해 불가피하게 부가서비스를 축소·변경하는 경우로서 다른 제휴업체를 통해 동종의 유사한 부가서비스 제공이 불가한 경우 : 사유발생 즉시
③ 제휴업체가 카드사의 의사에 반하여 해당 부가서비스를 축소하거나 변경 시, 당초 부가서비스에 상응하는 다른 부가서비스를 제공하는 경우 : 사유발생 즉시
④ 부가서비스를 1년 이상 제공한 상태에서 해당 부가서비스로 인해 상품의 수익성이 현저히 낮아진 경우 : 부가서비스 변경일 6개월 전부터 매월
* 카드를 이용하는 경우 제공되는 포인트 및 할인혜택 등의 부가서비스는 카드 신규 출시 이후 다음 사유 중 어느 하나에 해당하는 경우 외에는 변경할 수 없습니다. (단, 회원의 권익을 증진하거나 부담을 완화하는 경우는 제외)
카드사가 부가서비스를 변경하는 경우에는 변경사유, 변경 내용 등을 다음에서 정하는 기간에 따라 서면교부, 우편 또는 전자우편, 전화 또는 팩스, 휴대폰 메시지 또는 이에 준하는 전자적 의사표시 중 2가지 이상의 방법으로 고지하여 드립니다.",2026-06-08 06:01:49
ABP1518_N0001,ABP1518,"[필수 안내 사항]
연체이자율 : 회원별·이용상품별 정상이자율 + 3%p (최고 연 20.0%) 연체 발생 시점에 정상이자율이 없는 경우 아래와 같이 적용 ① 일시불 거래 연체 시 : 거래 발생 시점의 최소 기간 (2개월) 유이자할부 이자율 ② 무이자할부 거래 연체 시 : 거래 발생 시점의 동일한 할부 계약기간 유이자할부 이자율 ③ 그 외의 경우 : 상법상 상사법정이율과 상호금융 가계자금대출금리 중 높은 이자율 (가계자금대출금리 : 한국은행에서 매월 발표하는 가장 최근의 비은행 금융기관 가중평균대출금리(신규 대출 기준))
금융상품 이용 전 상품설명서, 약관을 통해 이용조건을 확인해 주시기 바랍니다.
필요 이상으로 신용카드를 발급 및 이용하실 경우 개인신용평점, 이용한도 등에 영향을 미칠 수 있습니다.
상환 능력에 비해 신용카드 사용액이 과도할 경우 귀하의 개인신용평점이 하락할 수 있습니다.
개인신용평점 하락 시 금융거래 관련된 불이익이 발생할 수 있습니다.
일정 기간 원리금을 연체할 경우, 모든 원리금을 변제할 의무가 발생할 수 있습니다.
금융소비자는 해당 상품 또는 서비스에 대하여 설명을 받을 권리가 있습니다.
신용카드 발급이 부적정한 경우(개인신용평점 낮음 등) 카드 발급이 제한될 수 있습니다.
카드 이용대금과 이에 수반되는 모든 수수료를 지정된 대금 결제일에 상환합니다.
심의번호 : I3629-16-2659 ( 2016-12-27 )
카드 출시일자 :

[부가서비스 변경 가능 사유]
① 카드사의 휴업·파산·경영상의 위기 등에 따른 불가피한 경우 : 사유발생 즉시
② 제휴업체의 휴업·파산·경영상의 위기로 인해 불가피하게 부가서비스를 축소·변경하는 경우로서 다른 제휴업체를 통해 동종의 유사한 부가서비스 제공이 불가한 경우 : 사유발생 즉시
③ 제휴업체가 카드사의 의사에 반하여 해당 부가서비스를 축소하거나 변경 시, 당초 부가서비스에 상응하는 다른 부가서비스를 제공하는 경우 : 사유발생 즉시
④ 부가서비스를 3년 이상 제공한 상태에서 해당 부가서비스로 인해 상품의 수익성이 현저히 낮아진 경우 : 부가서비스 변경일 6개월 전부터 매월
* 카드를 이용하는 경우 제공되는 포인트 및 할인혜택 등의 부가서비스는 카드 신규 출시 이후 다음 사유 중 어느 하나에 해당하는 경우 외에는 변경할 수 없습니다.(단, 회원의 권익을 증진하거나 부담을 완화하는 경우는 제외)
카드사가 부가서비스를 변경하는 경우에는 변경사유, 변경 내용 등을 다음에서 정하는 기간에 따라 서면교부, 우편 또는 전자우편, 전화 또는 팩스, 휴대폰 메시지 또는 이에 준하는 전자적 의사표시 중 2가지 이상의 방법으로 고지하여 드립니다.",2026-06-08 06:02:02
ABP1723_N0001,ABP1723,"[필수 안내 사항]
연체이자율 : 회원별·이용상품별 정상이자율 + 3%p (최고 연 20.0%) 연체 발생 시점에 정상이자율이 없는 경우 아래와 같이 적용 ① 일시불 거래 연체 시 : 거래 발생 시점의 최소 기간 (2개월) 유이자할부 이자율 ② 무이자할부 거래 연체 시 : 거래 발생 시점의 동일한 할부 계약기간 유이자할부 이자율 ③ 그 외의 경우 : 상법상 상사법정이율과 상호금융 가계자금대출금리 중 높은 이자율 (가계자금대출금리 : 한국은행에서 매월 발표하는 가장 최근의 비은행 금융기관 가중평균대출금리(신규 대출 기준))
금융상품 이용 전 상품설명서, 약관을 통해 이용조건을 확인해 주시기 바랍니다.
필요 이상으로 신용카드를 발급 및 이용하실 경우 개인신용평점, 이용한도 등에 영향을 미칠 수 있습니다.
상환 능력에 비해 신용카드 사용액이 과도할 경우 귀하의 개인신용평점이 하락할 수 있습니다.
개인신용평점 하락 시 금융거래 관련된 불이익이 발생할 수 있습니다.
일정 기간 원리금을 연체할 경우, 모든 원리금을 변제할 의무가 발생할 수 있습니다.
금융소비자는 해당 상품 또는 서비스에 대하여 설명을 받을 권리가 있습니다.
신용카드 발급이 부적정한 경우(개인신용평점 낮음 등) 카드 발급이 제한될 수 있습니다.
카드 이용대금과 이에 수반되는 모든 수수료를 지정된 대금 결제일에 상환합니다.
심의번호 : 준법심의필 S3166-21-1022(2021-07-22)
카드 출시일자 : 2021-08-06

[부가서비스 변경 가능 사유]
① 카드사의 휴업·파산·경영상의 위기 등에 따른 불가피한 경우 : 사유발생 즉시
② 제휴업체의 휴업·파산·경영상의 위기로 인해 불가피하게 부가서비스를 축소·변경하는 경우로서 다른 제휴업체를 통해 동종의 유사한 부가서비스 제공이 불가한 경우 : 사유발생 즉시
③ 제휴업체가 카드사의 의사에 반하여 해당 부가서비스를 축소하거나 변경 시, 당초 부가서비스에 상응하는 다른 부가서비스를 제공하는 경우 : 사유발생 즉시
④ 부가서비스를 3년 이상 제공한 상태에서 해당 부가서비스로 인해 상품의 수익성이 현저히 낮아진 경우 : 부가서비스 변경일 6개월 전부터 매월
* 카드를 이용하는 경우 제공되는 포인트 및 할인혜택 등의 부가서비스는 카드 신규 출시 이후 다음 사유 중 어느 하나에 해당하는 경우 외에는 변경할 수 없습니다.(단, 회원의 권익을 증진하거나 부담을 완화하는 경우는 제외)
카드사가 부가서비스를 변경하는 경우에는 변경사유, 변경 내용 등을 다음에서 정하는 기간에 따라 서면교부, 우편 또는 전자우편, 전화 또는 팩스, 휴대폰 메시지 또는 이에 준하는 전자적 의사표시 중 2가지 이상의 방법으로 고지하여 드립니다.",2026-06-08 06:02:32
ABP1689_N0001,ABP1689,"[필수 안내 사항]
연체이자율 : 회원별·이용상품별 정상이자율 + 3%p (최고 연 20.0%) 연체 발생 시점에 정상이자율이 없는 경우 아래와 같이 적용 ① 일시불 거래 연체 시 : 거래 발생 시점의 최소 기간 (2개월) 유이자할부 이자율 ② 무이자할부 거래 연체 시 : 거래 발생 시점의 동일한 할부 계약기간 유이자할부 이자율 ③ 그 외의 경우 : 상법상 상사법정이율과 상호금융 가계자금대출금리 중 높은 이자율 (가계자금대출금리 : 한국은행에서 매월 발표하는 가장 최근의 비은행 금융기관 가중평균대출금리(신규 대출 기준))
금융상품 이용 전 상품설명서, 약관을 통해 이용조건을 확인해 주시기 바랍니다.
필요 이상으로 신용카드를 발급 및 이용하실 경우 개인신용평점, 이용한도 등에 영향을 미칠 수 있습니다.
상환 능력에 비해 신용카드 사용액이 과도할 경우 귀하의 개인신용평점이 하락할 수 있습니다.
개인신용평점 하락 시 금융거래 관련된 불이익이 발생할 수 있습니다.
일정 기간 원리금을 연체할 경우, 모든 원리금을 변제할 의무가 발생할 수 있습니다.
금융소비자는 해당 상품 또는 서비스에 대하여 설명을 받을 권리가 있습니다.
신용카드 발급이 부적정한 경우(개인신용평점 낮음 등) 카드 발급이 제한될 수 있습니다.
카드 이용대금과 이에 수반되는 모든 수수료를 지정된 대금 결제일에 상환합니다.
심의번호 : S3893-20-1849(2020-11-20)
카드 출시일자 : 2020-10-30

[부가서비스 변경 가능 사유]
① 카드사의 휴업·파산·경영상의 위기 등에 따른 불가피한 경우 : 사유발생 즉시
② 제휴업체의 휴업·파산·경영상의 위기로 인해 불가피하게 부가서비스를 축소·변경하는 경우로서 다른 제휴업체를 통해 동종의 유사한 부가서비스 제공이 불가한 경우 : 사유발생 즉시
③ 제휴업체가 카드사의 의사에 반하여 해당 부가서비스를 축소하거나 변경 시, 당초 부가서비스에 상응하는 다른 부가서비스를 제공하는 경우 : 사유발생 즉시
④ 부가서비스를 3년 이상 제공한 상태에서 해당 부가서비스로 인해 상품의 수익성이 현저히 낮아진 경우 : 부가서비스 변경일 6개월 전부터 매월
* 카드를 이용하는 경우 제공되는 포인트 및 할인혜택 등의 부가서비스는 카드 신규 출시 이후 다음 사유 중 어느 하나에 해당하는 경우 외에는 변경할 수 없습니다.(단, 회원의 권익을 증진하거나 부담을 완화하는 경우는 제외)
카드사가 부가서비스를 변경하는 경우에는 변경사유, 변경 내용 등을 다음에서 정하는 기간에 따라 서면교부, 우편 또는 전자우편, 전화 또는 팩스, 휴대폰 메시지 또는 이에 준하는 전자적 의사표시 중 2가지 이상의 방법으로 고지하여 드립니다.",2026-06-08 06:03:26
ABP1384_N0001,ABP1384,"[필수 안내 사항]
연체이자율 : 회원별·이용상품별 정상이자율 + 3%p (최고 연 20.0%) 연체 발생 시점에 정상이자율이 없는 경우 아래와 같이 적용 ① 일시불 거래 연체 시 : 거래 발생 시점의 최소 기간 (2개월) 유이자할부 이자율 ② 무이자할부 거래 연체 시 : 거래 발생 시점의 동일한 할부 계약기간 유이자할부 이자율 ③ 그 외의 경우 : 상법상 상사법정이율과 상호금융 가계자금대출금리 중 높은 이자율 (가계자금대출금리 : 한국은행에서 매월 발표하는 가장 최근의 비은행 금융기관 가중평균대출금리(신규 대출 기준))
금융상품 이용 전 상품설명서, 약관을 통해 이용조건을 확인해 주시기 바랍니다.
필요 이상으로 신용카드를 발급 및 이용하실 경우 개인신용평점, 이용한도 등에 영향을 미칠 수 있습니다.
상환 능력에 비해 신용카드 사용액이 과도할 경우 귀하의 개인신용평점이 하락할 수 있습니다.
개인신용평점 하락 시 금융거래 관련된 불이익이 발생할 수 있습니다.
일정 기간 원리금을 연체할 경우, 모든 원리금을 변제할 의무가 발생할 수 있습니다.
금융소비자는 해당 상품 또는 서비스에 대하여 설명을 받을 권리가 있습니다.
신용카드 발급이 부적정한 경우(개인신용평점 낮음 등) 카드 발급이 제한될 수 있습니다.
카드 이용대금과 이에 수반되는 모든 수수료를 지정된 대금 결제일에 상환합니다.
심의번호 : H3121-16-648(2016-03-30)
카드 출시일자 : 2014-03-10

[부가서비스 변경 가능 사유]
① 카드사의 휴업·파산·경영상의 위기 등에 따른 불가피한 경우 : 사유발생 즉시
② 제휴업체의 휴업·파산·경영상의 위기로 인해 불가피하게 부가서비스를 축소·변경하는 경우로서 다른 제휴업체를 통해 동종의 유사한 부가서비스 제공이 불가한 경우 : 사유발생 즉시
③ 제휴업체가 카드사의 의사에 반하여 해당 부가서비스를 축소하거나 변경 시, 당초 부가서비스에 상응하는 다른 부가서비스를 제공하는 경우 : 사유발생 즉시
④ 부가서비스를 1년 이상 제공한 상태에서 해당 부가서비스로 인해 상품의 수익성이 현저히 낮아진 경우 : 부가서비스 변경일 6개월 전부터 매월
* 카드를 이용하는 경우 제공되는 포인트 및 할인혜택 등의 부가서비스는 카드 신규 출시 이후 다음 사유 중 어느 하나에 해당하는 경우 외에는 변경할 수 없습니다. (단, 회원의 권익을 증진하거나 부담을 완화하는 경우는 제외)
카드사가 부가서비스를 변경하는 경우에는 변경사유, 변경 내용 등을 다음에서 정하는 기간에 따라 서면교부, 우편 또는 전자우편, 전화 또는 팩스, 휴대폰 메시지 또는 이에 준하는 전자적 의사표시 중 2가지 이상의 방법으로 고지하여 드립니다.",2026-06-08 06:04:22
AAP1742_N0001,AAP1742,"[필수 안내 사항]
연체이자율 : 회원별·이용상품별 정상이자율 + 3%p (최고 연 20.0%) 연체 발생 시점에 정상이자율이 없는 경우 아래와 같이 적용 ① 일시불 거래 연체 시 : 거래 발생 시점의 최소 기간 (2개월) 유이자할부 이자율 ② 무이자할부 거래 연체 시 : 거래 발생 시점의 동일한 할부 계약기간 유이자할부 이자율
금융상품 이용 전 상품설명서, 약관을 통해 이용조건을 확인해 주시기 바랍니다.
필요 이상으로 신용카드를 발급 및 이용하실 경우 개인신용평점, 이용한도 등에 영향을 미칠 수 있습니다.
상환 능력에 비해 신용카드 사용액이 과도할 경우 귀하의 개인신용평점이 하락할 수 있습니다.
개인신용평점 하락 시 금융거래 관련된 불이익이 발생할 수 있습니다.
일정 기간 원리금을 연체할 경우, 모든 원리금을 변제할 의무가 발생할 수 있습니다.
금융소비자는 해당 상품 또는 서비스에 대하여 설명을 받을 권리가 있습니다.
신용카드 발급이 부적정한 경우(개인신용평점 낮음 등) 카드 발급이 제한될 수 있습니다.
카드 이용대금과 이에 수반되는 모든 수수료를 지정된 대금 결제일에 상환합니다.
심의번호 : 여신금융협회 심의필 제 2026 - C1h - 00722호(2026-01-19 ~ 2027-01-18)
카드 출시일자 : 2021-09-30

[부가서비스 변경 가능 사유]
① 카드사의 휴업·파산·경영상의 위기 등에 따른 불가피한 경우 : 사유발생 즉시
② 제휴업체의 휴업·파산·경영상의 위기로 인해 불가피하게 부가서비스를 축소·변경하는 경우로서 다른 제휴업체를 통해 동종의 유사한 부가서비스 제공이 불가한 경우 : 사유발생 즉시
③ 제휴업체가 카드사의 의사에 반하여 해당 부가서비스를 축소하거나 변경 시, 당초 부가서비스에 상응하는 다른 부가서비스를 제공하는 경우 : 사유발생 즉시
④ 부가서비스를 3년 이상 제공한 상태에서 해당 부가서비스로 인해 상품의 수익성이 현저히 낮아진 경우 : 부가서비스 변경일 6개월 전부터 매월
* 카드를 이용하는 경우 제공되는 포인트 및 할인혜택 등의 부가서비스는 카드 신규 출시 이후 다음 사유 중 어느 하나에 해당하는 경우 외에는 변경할 수 없습니다.(단, 회원의 권익을 증진하거나 부담을 완화하는 경우는 제외)
카드사가 부가서비스를 변경하는 경우에는 변경사유, 변경 내용 등을 다음에서 정하는 기간에 따라 서면교부, 우편 또는 전자우편, 전화 또는 팩스, 휴대폰 메시지 또는 이에 준하는 전자적 의사표시 중 2가지 이상의 방법으로 고지하여 드립니다.",2026-06-08 06:05:00
AAP1771_N0001,AAP1771,"[필수 안내 사항]
연체이자율 : 회원별·이용상품별 정상이자율 + 3%p (최고 연 20.0%) 연체 발생 시점에 정상이자율이 없는 경우 아래와 같이 적용 ① 일시불 거래 연체 시 : 거래 발생 시점의 최소 기간 (2개월) 유이자할부 이자율 ② 무이자할부 거래 연체 시 : 거래 발생 시점의 동일한 할부 계약기간 유이자할부 이자율
금융상품 이용 전 상품설명서, 약관을 통해 이용조건을 확인해 주시기 바랍니다.
필요 이상으로 신용카드를 발급 및 이용하실 경우 개인신용평점, 이용한도 등에 영향을 미칠 수 있습니다.
상환 능력에 비해 신용카드 사용액이 과도할 경우 귀하의 개인신용평점이 하락할 수 있습니다.
개인신용평점 하락 시 금융거래 관련된 불이익이 발생할 수 있습니다.
일정 기간 원리금을 연체할 경우, 모든 원리금을 변제할 의무가 발생할 수 있습니다.
금융소비자는 해당 상품 또는 서비스에 대하여 설명을 받을 권리가 있습니다.
신용카드 발급이 부적정한 경우(개인신용평점 낮음 등) 카드 발급이 제한될 수 있습니다.
카드 이용대금과 이에 수반되는 모든 수수료를 지정된 대금 결제일에 상환합니다.
심의번호 : 여신금융협회 심의필 제 2026 - C1h - 03572호(2026-03-17 ~ 2027-03-16)
카드 출시일자 : 2022-07-01

[부가서비스 변경 가능 사유]
① 카드사의 휴업·파산·경영상의 위기 등에 따른 불가피한 경우 : 사유발생 즉시
② 제휴업체의 휴업·파산·경영상의 위기로 인해 불가피하게 부가서비스를 축소·변경하는 경우로서 다른 제휴업체를 통해 동종의 유사한 부가서비스 제공이 불가한 경우 : 사유발생 즉시
③ 제휴업체가 카드사의 의사에 반하여 해당 부가서비스를 축소하거나 변경 시, 당초 부가서비스에 상응하는 다른 부가서비스를 제공하는 경우 : 사유발생 즉시
④ 부가서비스를 3년 이상 제공한 상태에서 해당 부가서비스로 인해 상품의 수익성이 현저히 낮아진 경우 : 부가서비스 변경일 6개월 전부터 매월
* 카드를 이용하는 경우 제공되는 포인트 및 할인혜택 등의 부가서비스는 카드 신규 출시 이후 다음 사유 중 어느 하나에 해당하는 경우 외에는 변경할 수 없습니다.(단, 회원의 권익을 증진하거나 부담을 완화하는 경우는 제외)
카드사가 부가서비스를 변경하는 경우에는 변경사유, 변경 내용 등을 다음에서 정하는 기간에 따라 서면교부, 우편 또는 전자우편, 전화 또는 팩스, 휴대폰 메시지 또는 이에 준하는 전자적 의사표시 중 2가지 이상의 방법으로 고지하여 드립니다.",2026-06-08 06:05:15
AAP1731_N0001,AAP1731,"[필수 안내 사항]
연체이자율 : 회원별·이용상품별 정상이자율 + 3%p (최고 연 20.0%) 연체 발생 시점에 정상이자율이 없는 경우 아래와 같이 적용 ① 일시불 거래 연체 시 : 거래 발생 시점의 최소 기간 (2개월) 유이자할부 이자율 ② 무이자할부 거래 연체 시 : 거래 발생 시점의 동일한 할부 계약기간 유이자할부 이자율
금융상품 이용 전 상품설명서, 약관을 통해 이용조건을 확인해 주시기 바랍니다.
필요 이상으로 신용카드를 발급 및 이용하실 경우 개인신용평점, 이용한도 등에 영향을 미칠 수 있습니다.
상환 능력에 비해 신용카드 사용액이 과도할 경우 귀하의 개인신용평점이 하락할 수 있습니다.
개인신용평점 하락 시 금융거래 관련된 불이익이 발생할 수 있습니다.
일정 기간 원리금을 연체할 경우, 모든 원리금을 변제할 의무가 발생할 수 있습니다.
금융소비자는 해당 상품 또는 서비스에 대하여 설명을 받을 권리가 있습니다.
신용카드 발급이 부적정한 경우(개인신용평점 낮음 등) 카드 발급이 제한될 수 있습니다.
카드 이용대금과 이에 수반되는 모든 수수료를 지정된 대금 결제일에 상환합니다.
심의번호 : 여신금융협회 심의필 제 2026 - C1h - 02927호(2026-03-05 ~ 2027-03-04)
카드 출시일자 : 2021-09-01

[부가서비스 변경 가능 사유]
① 카드사의 휴업·파산·경영상의 위기 등에 따른 불가피한 경우 : 사유발생 즉시
② 제휴업체의 휴업·파산·경영상의 위기로 인해 불가피하게 부가서비스를 축소·변경하는 경우로서 다른 제휴업체를 통해 동종의 유사한 부가서비스 제공이 불가한 경우 : 사유발생 즉시
③ 제휴업체가 카드사의 의사에 반하여 해당 부가서비스를 축소하거나 변경 시, 당초 부가서비스에 상응하는 다른 부가서비스를 제공하는 경우 : 사유발생 즉시
④ 부가서비스를 3년 이상 제공한 상태에서 해당 부가서비스로 인해 상품의 수익성이 현저히 낮아진 경우 : 부가서비스 변경일 6개월 전부터 매월
* 카드를 이용하는 경우 제공되는 포인트 및 할인혜택 등의 부가서비스는 카드 신규 출시 이후 다음 사유 중 어느 하나에 해당하는 경우 외에는 변경할 수 없습니다.(단, 회원의 권익을 증진하거나 부담을 완화하는 경우는 제외)
카드사가 부가서비스를 변경하는 경우에는 변경사유, 변경 내용 등을 다음에서 정하는 기간에 따라 서면교부, 우편 또는 전자우편, 전화 또는 팩스, 휴대폰 메시지 또는 이에 준하는 전자적 의사표시 중 2가지 이상의 방법으로 고지하여 드립니다.

[기타 안내 사항]
연말정산 시 가족카드( 신용 )이용 금액은 가족 회원의 신용카드 등 사용금액으로 포함
가족 회원이 별도로 카드 승인 알림을 받고자 하는 경우, 본인 회원이 삼성카드 대표전화 또는 홈페이지·앱을 통해 신청 가능
가족카드 이용대금명세서는 본인카드 이용대금명세서와 함께 본인 회원에게 발송
가족카드 이용으로 적립된 포인트는 본인 회원의 포인트에 합산되며, 대여 및 양도 대상이 되지 않음
이혼, 사망, 파양 등 가족관계 변동 시 본인 회원이 삼성카드 대표전화 또는 홈페이지 앱을 통해 본인카드 및 가족카드의 정지 또는 해지 가능
가족관계가 변동되었음에도 가족카드를 정지 또는 해지하지 않은 경우,본인 회원에게 의도하지 않은 카드 이용 및 책임이 발생할 수 있음
본인 회원이 요청할 경우 가족 회원의 동의 없이 가족카드의 한도하향, 정지, 해지 가능
가족카드 연회비는 상품별 연회비 부과 기준을 따르며, 가족카드 발급 매수는 제한 없음",2026-06-08 06:05:59
AAP1483_N0001,AAP1483,"[필수 안내 사항]
연체이자율 : 회원별·이용상품별 정상이자율 + 3%p (최고 연 20.0%) 연체 발생 시점에 정상이자율이 없는 경우 아래와 같이 적용 ① 일시불 거래 연체 시 : 거래 발생 시점의 최소 기간 (2개월) 유이자할부 이자율 ② 무이자할부 거래 연체 시 : 거래 발생 시점의 동일한 할부 계약기간 유이자할부 이자율
금융상품 이용 전 상품설명서, 약관을 통해 이용조건을 확인해 주시기 바랍니다.
필요 이상으로 신용카드를 발급 및 이용하실 경우 개인신용평점, 이용한도 등에 영향을 미칠 수 있습니다.
상환 능력에 비해 신용카드 사용액이 과도할 경우 귀하의 개인신용평점이 하락할 수 있습니다.
개인신용평점 하락 시 금융거래 관련된 불이익이 발생할 수 있습니다.
일정 기간 원리금을 연체할 경우, 모든 원리금을 변제할 의무가 발생할 수 있습니다.
금융소비자는 해당 상품 또는 서비스에 대하여 설명을 받을 권리가 있습니다.
신용카드 발급이 부적정한 경우(개인신용평점 낮음 등) 카드 발급이 제한될 수 있습니다.
카드 이용대금과 이에 수반되는 모든 수수료를 지정된 대금 결제일에 상환합니다.
심의번호 : 여신금융협회 심의필 제 2026 - C1h - 02439호(2026-02-24 ~ 2027-02-23)
카드 출시일자 : 2016-04-11

[부가서비스 변경 가능 사유]
① 카드사의 휴업·파산·경영상의 위기 등에 따른 불가피한 경우 : 사유발생 즉시
② 제휴업체의 휴업·파산·경영상의 위기로 인해 불가피하게 부가서비스를 축소·변경하는 경우로서 다른 제휴업체를 통해 동종의 유사한 부가서비스 제공이 불가한 경우 : 사유발생 즉시
③ 제휴업체가 카드사의 의사에 반하여 해당 부가서비스를 축소하거나 변경 시, 당초 부가서비스에 상응하는 다른 부가서비스를 제공하는 경우 : 사유발생 즉시
④ 부가서비스를 3년 이상 제공한 상태에서 해당 부가서비스로 인해 상품의 수익성이 현저히 낮아진 경우 : 부가서비스 변경일 6개월 전부터 매월
* 카드를 이용하는 경우 제공되는 포인트 및 할인혜택 등의 부가서비스는 카드 신규 출시 이후 다음 사유 중 어느 하나에 해당하는 경우 외에는 변경할 수 없습니다.(단, 회원의 권익을 증진하거나 부담을 완화하는 경우는 제외)
카드사가 부가서비스를 변경하는 경우에는 변경사유, 변경 내용 등을 다음에서 정하는 기간에 따라 서면교부, 우편 또는 전자우편, 전화 또는 팩스, 휴대폰 메시지 또는 이에 준하는 전자적 의사표시 중 2가지 이상의 방법으로 고지하여 드립니다.

[기타 안내 사항]
삼성카드 taptap O 발급 회원에게는 모바일·이메일 명세서가 기본으로 제공됩니다.",2026-06-08 06:06:45
AAP1452_N0001,AAP1452,"[필수 안내 사항]
연체이자율 : 회원별·이용상품별 정상이자율 + 3.0%p (최고 연 20.0%) 연체 발생 시점에 정상이자율이 없는 경우 아래와 같이 적용 ① 일시불 거래 연체 시 : 거래 발생 시점의 최소 기간 (2개월) 유이자할부 이자율 ② 무이자할부 거래 연체 시 : 거래 발생 시점의 동일한 할부 계약기간 유이자할부 이자율
금융상품 이용 전 상품설명서, 약관을 통해 이용조건을 확인해 주시기 바랍니다.
필요 이상으로 신용카드를 발급 및 이용하실 경우 개인신용평점, 이용한도 등에 영향을 미칠 수 있습니다.
상환 능력에 비해 신용카드 사용액이 과도할 경우 귀하의 개인신용평점이 하락할 수 있습니다.
개인신용평점 하락 시 금융거래 관련된 불이익이 발생할 수 있습니다.
일정 기간 원리금을 연체할 경우, 모든 원리금을 변제할 의무가 발생할 수 있습니다.
금융소비자는 금융소비자보호법 제 19조 제 1항에 따라 해당 상품 또는 서비스에 대하여 설명을 받을 권리가 있습니다.
신용카드 발급이 부적정한 경우(개인신용평점 낮음 등) 카드 발급이 제한될 수 있습니다.
카드 이용대금과 이에 수반되는 모든 수수료를 지정된 대금 결제일에 상환합니다.
심의번호 : 여신금융협회 심의필 제 2026 - C1h - 05451호(2026-04-16 ~ 2027-04-15)
카드 출시일자 : 2015-12-30

[부가서비스 변경 가능 사유]
① 카드사의 휴업·파산·경영상의 위기 등에 따른 불가피한 경우 : 사유발생 즉시
② 제휴업체의 휴업·파산·경영상의 위기로 인해 불가피하게 부가서비스를 축소·변경하는 경우로서 다른 제휴업체를 통해 동종의 유사한 부가서비스 제공이 불가한 경우 : 사유발생 즉시
③ 제휴업체가 카드사의 의사에 반하여 해당 부가서비스를 축소하거나 변경 시, 당초 부가서비스에 상응하는 다른 부가서비스를 제공하는 경우 : 사유발생 즉시
④ 부가서비스를 5년 이상 제공한 상태에서 해당 부가서비스로 인해 상품의 수익성이 현저히 낮아진 경우 : 부가서비스 변경일 6개월 전부터 매월
* 카드를 이용하는 경우 제공되는 포인트 및 할인혜택 등의 부가서비스는 카드 신규 출시 이후 다음 사유 중 어느 하나에 해당하는 경우 외에는 변경할 수 없습니다.(단, 회원의 권익을 증진하거나 부담을 완화하는 경우는 제외)
카드사가 부가서비스를 변경하는 경우에는 변경사유, 변경 내용 등을 다음에서 정하는 기간에 따라 서면교부, 우편 또는 전자우편, 전화 또는 팩스, 휴대폰 메시지 또는 이에 준하는 전자적 의사표시 중 2가지 이상의 방법으로 고지하여 드립니다.",2026-06-08 06:07:05
ABP1285_N0001,ABP1285,"[필수 안내 사항]
연체이자율 : 회원별·이용상품별 정상이자율 + 3%p (최고 연 20.0%) 연체 발생 시점에 정상이자율이 없는 경우 아래와 같이 적용 ① 일시불 거래 연체 시 : 거래 발생 시점의 최소 기간 (2개월) 유이자할부 이자율 ② 무이자할부 거래 연체 시 : 거래 발생 시점의 동일한 할부 계약기간 유이자할부 이자율 ③ 그 외의 경우 : 상법상 상사법정이율과 상호금융 가계자금대출금리 중 높은 이자율 (가계자금대출금리 : 한국은행에서 매월 발표하는 가장 최근의 비은행 금융기관 가중평균대출금리(신규 대출 기준))
금융상품 이용 전 상품설명서, 약관을 통해 이용조건을 확인해 주시기 바랍니다.
필요 이상으로 신용카드를 발급 및 이용하실 경우 개인신용평점, 이용한도 등에 영향을 미칠 수 있습니다.
상환 능력에 비해 신용카드 사용액이 과도할 경우 귀하의 개인신용평점이 하락할 수 있습니다.
개인신용평점 하락 시 금융거래 관련된 불이익이 발생할 수 있습니다.
일정 기간 원리금을 연체할 경우, 모든 원리금을 변제할 의무가 발생할 수 있습니다.
금융소비자는 해당 상품 또는 서비스에 대하여 설명을 받을 권리가 있습니다.
신용카드 발급이 부적정한 경우(개인신용평점 낮음 등) 카드 발급이 제한될 수 있습니다.
카드 이용대금과 이에 수반되는 모든 수수료를 지정된 대금 결제일에 상환합니다.
심의번호 : H3121-16-640(2016-03-30)
카드 출시일자 : 2012-06-25

[부가서비스 변경 가능 사유]
① 카드사의 휴업·파산·경영상의 위기 등에 따른 불가피한 경우 : 사유발생 즉시
② 제휴업체의 휴업·파산·경영상의 위기로 인해 불가피하게 부가서비스를 축소·변경하는 경우로서 다른 제휴업체를 통해 동종의 유사한 부가서비스 제공이 불가한 경우 : 사유발생 즉시
③ 제휴업체가 카드사의 의사에 반하여 해당 부가서비스를 축소하거나 변경 시, 당초 부가서비스에 상응하는 다른 부가서비스를 제공하는 경우 : 사유발생 즉시
④ 부가서비스를 1년 이상 제공한 상태에서 해당 부가서비스로 인해 상품의 수익성이 현저히 낮아진 경우 : 부가서비스 변경일 6개월 전부터 매월
* 카드를 이용하는 경우 제공되는 포인트 및 할인혜택 등의 부가서비스는 카드 신규 출시 이후 다음 사유 중 어느 하나에 해당하는 경우 외에는 변경할 수 없습니다. (단, 회원의 권익을 증진하거나 부담을 완화하는 경우는 제외)
카드사가 부가서비스를 변경하는 경우에는 변경사유, 변경 내용 등을 다음에서 정하는 기간에 따라 서면교부, 우편 또는 전자우편, 전화 또는 팩스, 휴대폰 메시지 또는 이에 준하는 전자적 의사표시 중 2가지 이상의 방법으로 고지하여 드립니다.",2026-06-08 06:07:16
AAP1666_N0001,AAP1666,"[필수 안내 사항]
연체이자율 : 회원별·이용상품별 정상이자율 + 3%p (최고 연 20.0%) 연체 발생 시점에 정상이자율이 없는 경우 아래와 같이 적용 ① 일시불 거래 연체 시 : 거래 발생 시점의 최소 기간 (2개월) 유이자할부 이자율 ② 무이자할부 거래 연체 시 : 거래 발생 시점의 동일한 할부 계약기간 유이자할부 이자율 ③ 그 외의 경우 : 상법상 상사법정이율과 상호금융 가계자금대출금리 중 높은 이자율 (가계자금대출금리 : 한국은행에서 매월 발표하는 가장 최근의 비은행 금융기관 가중평균대출금리(신규 대출 기준))
금융상품 이용 전 상품설명서, 약관을 통해 이용조건을 확인해 주시기 바랍니다.
필요 이상으로 신용카드를 발급 및 이용하실 경우 개인신용평점, 이용한도 등에 영향을 미칠 수 있습니다.
상환 능력에 비해 신용카드 사용액이 과도할 경우 귀하의 개인신용평점이 하락할 수 있습니다.
개인신용평점 하락 시 금융거래 관련된 불이익이 발생할 수 있습니다.
일정 기간 원리금을 연체할 경우, 모든 원리금을 변제할 의무가 발생할 수 있습니다.
금융소비자는 해당 상품 또는 서비스에 대하여 설명을 받을 권리가 있습니다.
신용카드 발급이 부적정한 경우(개인신용평점 낮음 등) 카드 발급이 제한될 수 있습니다.
카드 이용대금과 이에 수반되는 모든 수수료를 지정된 대금 결제일에 상환합니다.
심의번호 : 여신금융협회 심의필 제 2025 - C1h - 15937호(2025-11-03 ~ 2026-11-02)
카드 출시일자 : 2020-07-06

[부가서비스 변경 가능 사유]
① 카드사의 휴업·파산·경영상의 위기 등에 따른 불가피한 경우 : 사유발생 즉시
② 제휴업체의 휴업·파산·경영상의 위기로 인해 불가피하게 부가서비스를 축소·변경하는 경우로서 다른 제휴업체를 통해 동종의 유사한 부가서비스 제공이 불가한 경우 : 사유발생 즉시
③ 제휴업체가 카드사의 의사에 반하여 해당 부가서비스를 축소하거나 변경 시, 당초 부가서비스에 상응하는 다른 부가서비스를 제공하는 경우 : 사유발생 즉시
④ 부가서비스를 3년 이상 제공한 상태에서 해당 부가서비스로 인해 상품의 수익성이 현저히 낮아진 경우 : 부가서비스 변경일 6개월 전부터 매월
* 카드를 이용하는 경우 제공되는 포인트 및 할인혜택 등의 부가서비스는 카드 신규 출시 이후 다음 사유 중 어느 하나에 해당하는 경우 외에는 변경할 수 없습니다.(단, 회원의 권익을 증진하거나 부담을 완화하는 경우는 제외)
카드사가 부가서비스를 변경하는 경우에는 변경사유, 변경 내용 등을 다음에서 정하는 기간에 따라 서면교부, 우편 또는 전자우편, 전화 또는 팩스, 휴대폰 메시지 또는 이에 준하는 전자적 의사표시 중 서로 다른 2가지 이상의 방법으로 고지하여 드립니다.",2026-06-08 06:07:49
ABP1556_N0001,ABP1556,"[필수 안내 사항]
연체이자율 : 회원별·이용상품별 정상이자율 + 3%p (최고 연 20.0%) 연체 발생 시점에 정상이자율이 없는 경우 아래와 같이 적용 ① 일시불 거래 연체 시 : 거래 발생 시점의 최소 기간 (2개월) 유이자할부 이자율 ② 무이자할부 거래 연체 시 : 거래 발생 시점의 동일한 할부 계약기간 유이자할부 이자율 ③ 그 외의 경우 : 상법상 상사법정이율과 상호금융 가계자금대출금리 중 높은 이자율 (가계자금대출금리 : 한국은행에서 매월 발표하는 가장 최근의 비은행 금융기관 가중평균대출금리(신규 대출 기준))
금융상품 이용 전 상품설명서, 약관을 통해 이용조건을 확인해 주시기 바랍니다.
필요 이상으로 신용카드를 발급 및 이용하실 경우 개인신용평점, 이용한도 등에 영향을 미칠 수 있습니다.
상환 능력에 비해 신용카드 사용액이 과도할 경우 귀하의 개인신용평점이 하락할 수 있습니다.
개인신용평점 하락 시 금융거래 관련된 불이익이 발생할 수 있습니다.
일정 기간 원리금을 연체할 경우, 모든 원리금을 변제할 의무가 발생할 수 있습니다.
금융소비자는 해당 상품 또는 서비스에 대하여 설명을 받을 권리가 있습니다.
신용카드 발급이 부적정한 경우(개인신용평점 낮음 등) 카드 발급이 제한될 수 있습니다.
카드 이용대금과 이에 수반되는 모든 수수료를 지정된 대금 결제일에 상환합니다.
심의번호 : I3121-18-6297(2018-02-21)
카드 출시일자 : 2018-02-26

[부가서비스 변경 가능 사유]
① 카드사의 휴업·파산·경영상의 위기 등에 따른 불가피한 경우 : 사유발생 즉시
② 제휴업체의 휴업·파산·경영상의 위기로 인해 불가피하게 부가서비스를 축소·변경하는 경우로서 다른 제휴업체를 통해 동종의 유사한 부가서비스 제공이 불가한 경우 : 사유발생 즉시
③ 제휴업체가 카드사의 의사에 반하여 해당 부가서비스를 축소하거나 변경 시, 당초 부가서비스에 상응하는 다른 부가서비스를 제공하는 경우 : 사유발생 즉시
④ 부가서비스를 3년 이상 제공한 상태에서 해당 부가서비스로 인해 상품의 수익성이 현저히 낮아진 경우 : 부가서비스 변경일 6개월 전부터 매월
* 카드를 이용하는 경우 제공되는 포인트 및 할인혜택 등의 부가서비스는 카드 신규 출시 이후 다음 사유 중 어느 하나에 해당하는 경우 외에는 변경할 수 없습니다.(단, 회원의 권익을 증진하거나 부담을 완화하는 경우는 제외)
카드사가 부가서비스를 변경하는 경우에는 변경사유, 변경 내용 등을 다음에서 정하는 기간에 따라 서면교부, 우편 또는 전자우편, 전화 또는 팩스, 휴대폰 메시지 또는 이에 준하는 전자적 의사표시 중 2가지 이상의 방법으로 고지하여 드립니다.",2026-06-08 06:08:10
