card_id,company,card_name,card_type,network,is_domestic_foreign,has_transport,annual_fee_dom_basic,annual_fee_dom_premium,annual_fee_for_basic,annual_fee_for_premium,annual_fee_notes,min_performance,summary,image_url,link_url,has_cashback,fee_content,updated_at
AAP1846,삼성,기후동행 삼성카드,신용,Mastercard,true,true,7000,0,7000,0,후불교통기능이 탑재되어 발급 / 해외겸용카드는 컨택리스 결제 지원,0,커피전문점/편의점 10% 결제일할인 | 디지털콘텐츠 30% 결제일할인 | 이동통신 5%/7% 결제일할인,https://static11.samsungcard.com/wcms/home/scard/image/personal/AAP1846_DN_241216.gif,https://www.samsungcard.com/home/card/cardinfo/PGHPPCCCardCardinfoDetails001?code=AAP1846,false,"<table class=""benefit-table""><tr><th>구분</th><th>해외겸용 (Mastercard)</th><th>국내전용</th></tr><tr><th>총 연회비</th><td>7,000 원</td><td>7,000 원</td></tr><tr><th>기본 연회비</th><td>7,000 원</td><td>7,000 원</td></tr><tr><th>제휴 연회비</th><td>-</td><td>-</td></tr></table>
후불교통기능이 탑재되어 발급
해외겸용카드는 컨택리스 결제 지원
가족카드 없음
연회비는 카드 발급일(발급 첫 해에는 카드 사용등록일)을 기준으로 매년 청구됩니다. 예외 기준 카드 발급일(발급 첫 해에는 카드 사용등록일)에 연회비가 청구되지 않은 경우 최초 이용일자 기준으로 해당 결제일에 청구됩니다. 매년 카드 발급일을 기준으로 직전 1년 이내 실적이 없는 경우 연회비가 청구되지 않습니다. 재발급, 갱신 시에는 이전 카드의 카드 발급일을 기준으로 연회비가 청구됩니다.
예외 기준 카드 발급일(발급 첫 해에는 카드 사용등록일)에 연회비가 청구되지 않은 경우 최초 이용일자 기준으로 해당 결제일에 청구됩니다. 매년 카드 발급일을 기준으로 직전 1년 이내 실적이 없는 경우 연회비가 청구되지 않습니다. 재발급, 갱신 시에는 이전 카드의 카드 발급일을 기준으로 연회비가 청구됩니다.
카드 발급일(발급 첫 해에는 카드 사용등록일)에 연회비가 청구되지 않은 경우 최초 이용일자 기준으로 해당 결제일에 청구됩니다.
매년 카드 발급일을 기준으로 직전 1년 이내 실적이 없는 경우 연회비가 청구되지 않습니다.
재발급, 갱신 시에는 이전 카드의 카드 발급일을 기준으로 연회비가 청구됩니다.
연회비는 기본 연회비와 제휴 연회비로 구분됩니다.
해당 카드 연회비(기본 연회비 + 제휴 연회비)는 카드별로 청구됩니다.
카드 중도 해지 시, 연회비 반환 금액은 회원이 카드사와 계약을 해지한 날부터 일 단위로 나누어 계산(카드 이용이 가능하게 된 날을 기준으로 계산)하여 반환됩니다. 카드의 발행, 배송 등 카드 발급에 소요된 비용(신규 가입연도에 해당)은 반환 금액에서 제외되며, 제휴 연회비가 있는 경우에는 카드 이용 시 제공되는 추가적인 혜택 등 부가 서비스 제공에 소요된 비용이 추가적으로 반환 금액에서 제외됩니다.
연회비 반환 금액은 계약을 해지한 날로부터 10일(영업일 기준) 이내에 반환해 드립니다. 부가 서비스 제공 내역 확인에 시간이 소요되는 등 불가피한 사유가 있을 때에는 계약을 해지한 날로부터 3개월 이내에 반환됩니다.
해외에서 카드 결제 시, 현지 통화가 아닌 원화로 결제하는 경우 해외원화결제서비스(DCC) 수수료가 추가로 발생할 수 있으므로 유의하시기 바랍니다. 해외원화결제서비스(DCC) 차단방법 : 홈페이지(PC) 또는 앱 → 전체메뉴 → 고객센터 → 해외 이용 → 해외 이용 잠금 서비스
해외원화결제서비스(DCC) 차단방법 : 홈페이지(PC) 또는 앱 → 전체메뉴 → 고객센터 → 해외 이용 → 해외 이용 잠금 서비스
해외 이용 시(해외 사이트 거래 포함) 미화(USD) 기준 거래미화금액에 접수일의 우리은행 최초 고시 전신환매도율을 적용한 후, 국제브랜드사가 부과하는 브랜드사수수료(Mastercard 1.0%)와 삼성카드가 부과하는 해외이용수수료(0.2%)를 합산하여 원화로 청구됩니다. 브랜드사수수료의 경우 국제브랜드사 정책에 따라 변경될 수 있습니다.
브랜드사수수료의 경우 국제브랜드사 정책에 따라 변경될 수 있습니다.
해외 이용 시 청구금액 산출방법은 아래와 같습니다. 해외 이용 시 청구금액 = (거래미화금액 × 전신환매도율①) + 브랜드사수수료② + 해외이용수수료③ ① 전신환매도율 : 접수일의 우리은행 최초 고시 전신환매도율 ② 브랜드사수수료 = (거래미화금액 × 국제브랜드 이용 수수료율 1.0%) × 전신환매도율 ③ 해외이용수수료 = (거래미화금액 × 해외서비스 수수료율 0.2%) × 전신환매도율
해외 이용 시 청구금액 = (거래미화금액 × 전신환매도율①) + 브랜드사수수료② + 해외이용수수료③ ① 전신환매도율 : 접수일의 우리은행 최초 고시 전신환매도율 ② 브랜드사수수료 = (거래미화금액 × 국제브랜드 이용 수수료율 1.0%) × 전신환매도율 ③ 해외이용수수료 = (거래미화금액 × 해외서비스 수수료율 0.2%) × 전신환매도율
① 전신환매도율 : 접수일의 우리은행 최초 고시 전신환매도율
② 브랜드사수수료 = (거래미화금액 × 국제브랜드 이용 수수료율 1.0%) × 전신환매도율
③ 해외이용수수료 = (거래미화금액 × 해외서비스 수수료율 0.2%) × 전신환매도율",2026-06-08 05:55:58
AAP1653,삼성,다이소 삼성카드,신용,VISA,true,false,8000,0,8000,0,,0,"다이소 2,000원4,000원 결제일할인 | 커피전문점 2,000원 결제일할인 | 배달앱 2,000원 결제일할인",https://static11.samsungcard.com/wcms/home/scard/image/personal/b_AAP1653.png,https://www.samsungcard.com/home/card/cardinfo/PGHPPCCCardCardinfoDetails001?code=AAP1653,false,"<table class=""benefit-table""><tr><th>구분</th><th>해외겸용 (VISA)</th><th>국내전용</th></tr><tr><th>총 연회비</th><td>8,000 원</td><td>8,000 원</td></tr><tr><th>기본 연회비</th><td>7,000 원</td><td>7,000 원</td></tr><tr><th>제휴 연회비</th><td>1,000 원</td><td>1,000 원</td></tr></table>
가족카드 없음
연회비는 카드 발급일(발급 첫 해에는 카드 사용등록일)을 기준으로 매년 청구됩니다. 예외 기준 카드 발급일(발급 첫 해에는 카드 사용등록일)에 연회비가 청구되지 않은 경우 최초 이용일자 기준으로 해당 결제일에 청구됩니다. 매년 카드 발급일을 기준으로 직전 1 년 이내 실적이 없는 경우 연회비가 청구되지 않습니다. 재발급, 갱신 시에는 이전 카드의 카드발급일을 기준으로 연회비가 청구됩니다.
예외 기준 카드 발급일(발급 첫 해에는 카드 사용등록일)에 연회비가 청구되지 않은 경우 최초 이용일자 기준으로 해당 결제일에 청구됩니다. 매년 카드 발급일을 기준으로 직전 1 년 이내 실적이 없는 경우 연회비가 청구되지 않습니다. 재발급, 갱신 시에는 이전 카드의 카드발급일을 기준으로 연회비가 청구됩니다.
카드 발급일(발급 첫 해에는 카드 사용등록일)에 연회비가 청구되지 않은 경우 최초 이용일자 기준으로 해당 결제일에 청구됩니다.
매년 카드 발급일을 기준으로 직전 1 년 이내 실적이 없는 경우 연회비가 청구되지 않습니다.
재발급, 갱신 시에는 이전 카드의 카드발급일을 기준으로 연회비가 청구됩니다.
연회비는 기본 연회비와 제휴 연회비로 구분됩니다.
해당 카드 연회비(기본 연회비+제휴 연회비)는 카드별로 청구됩니다.
카드 중도 해지 시, 연회비 반환 금액은 회원이 카드사와 계약을 해지한 날부터 일 단위로 나누어 계산(카드 이용이 가능하게 된 날을 기준으로 계산)하여 반환됩니다. 카드의 발행, 배송 등 카드 발급에 소요된 비용(신규 가입연도에 해당)은 반환 금액에서 제외되며, 제휴 연회비가 있는 경우에는 카드 이용 시 제공되는 추가적인 혜택 등 부가 서비스 제공에 소요된 비용이 추가적으로 반환 금액에서 제외됩니다.
연회비 반환 금액은 계약을 해지한 날로부터 10 일(영업일 기준) 이내에 반환해 드립니다. 부가 서비스 제공 내역 확인에 시간이 소요되는 등 불가피한 사유가 있을 때에는 계약을 해지한 날로부터 3 개월 이내에 반환됩니다.
해외에서 카드 결제 시, 현지 통화가 아닌 원화로 결제하는 경우 해외원화결제 서비스( DCC ) 수수료가 추가로 발생할 수 있으므로 유의하시기 바랍니다. 해외원화결제서비스( DCC ) 차단방법 : 홈페이지(PC) 또는 앱 → 전체메뉴 → 고객센터 → 해외 이용 → 해외 이용 잠금 서비스
해외원화결제서비스( DCC ) 차단방법 : 홈페이지(PC) 또는 앱 → 전체메뉴 → 고객센터 → 해외 이용 → 해외 이용 잠금 서비스
해외 이용 시(해외 사이트 거래 포함) 미화( USD ) 기준 거래미화금액에 접수일의 우리은행 최초 고시 전신환매도율을 적용한 후, 국제브랜드사가 부과하는 브랜드사수수료( VISA 1.1% )와 삼성카드가 부과하는 해외이용수수료( 0.2% )를 합산하여 원화로 청구됩니다. 브랜드사수수료의 경우 국제브랜드사 정책에 따라 변경될 수 있습니다.
해외 이용 시 청구금액 산출방법은 아래와 같습니다. 해외 이용 시 청구금액 = (거래미화금액 × 전신환매도율①) + 브랜드사수수료② + 해외이용수수료③ ① 전신환매도율 : 접수일의 우리은행 최초 고시 전신환매도율 ② 브랜드사수수료 = (거래미화금액 × 국제브랜드 이용 수수료율 1.1% ) × 전신환매도율 ③ 해외이용수수료 = (거래미화금액 × 해외서비스 수수료율 0.2% ) × 전신환매도율
해외 이용 시 청구금액 = (거래미화금액 × 전신환매도율①) + 브랜드사수수료② + 해외이용수수료③ ① 전신환매도율 : 접수일의 우리은행 최초 고시 전신환매도율 ② 브랜드사수수료 = (거래미화금액 × 국제브랜드 이용 수수료율 1.1% ) × 전신환매도율 ③ 해외이용수수료 = (거래미화금액 × 해외서비스 수수료율 0.2% ) × 전신환매도율",2026-06-08 05:56:37
AAP1911,삼성,무신사 삼성카드,신용,Mastercard,true,true,10000,0,10000,0,후불교통기능이 탑재되어 발급 / 해외겸용카드는 컨택리스 결제 지원,0,무신사 10%/2% 무신사머니리워드 적립 | 국내외 가맹점 1% 무신사머니리워드 적립,https://static11.samsungcard.com/wcms/home/scard/image/personal/b_AAP1911.png,https://www.samsungcard.com/home/card/cardinfo/PGHPPCCCardCardinfoDetails001?code=AAP1911,false,"<table class=""benefit-table""><tr><th rowspan=""2"">구분</th><th>해외겸용</th><th rowspan=""2"">국내전용</th></tr><tr><th>Mastercard</th></tr><tr><th>총 연회비</th><td>10,000 원</td><td>10,000 원</td></tr><tr><th>기본 연회비</th><td>7,000 원</td><td>7,000 원</td></tr><tr><th>제휴 연회비</th><td>3,000 원</td><td>3,000 원</td></tr></table>
후불교통기능이 탑재되어 발급
해외겸용카드는 컨택리스 결제 지원
<table class=""benefit-table""><tr><th rowspan=""2"">구분</th><th>해외겸용</th><th rowspan=""2"">국내전용</th></tr><tr><th>Mastercard</th></tr><tr><th>총 연회비</th><td>3,000 원</td><td>3,000 원</td></tr><tr><th>기본 연회비</th><td>-</td><td>-</td></tr><tr><th>제휴 연회비</th><td>3,000 원</td><td>3,000 원</td></tr></table>
연회비는 카드 발급일(발급 첫 해에는 카드 사용등록일)을 기준으로 매년 청구됩니다. 예외 기준 카드 발급일(발급 첫 해에는 카드 사용등록일)에 연회비가 청구되지 않은 경우 최초 이용일자 기준으로 해당 결제일에 청구됩니다. 매년 카드 발급일을 기준으로 직전 1 년 이내 실적이 없는 경우 연회비가 청구되지 않습니다. 재발급, 갱신 시에는 이전 카드의 카드 발급일을 기준으로 연회비가 청구됩니다.
예외 기준 카드 발급일(발급 첫 해에는 카드 사용등록일)에 연회비가 청구되지 않은 경우 최초 이용일자 기준으로 해당 결제일에 청구됩니다. 매년 카드 발급일을 기준으로 직전 1 년 이내 실적이 없는 경우 연회비가 청구되지 않습니다. 재발급, 갱신 시에는 이전 카드의 카드 발급일을 기준으로 연회비가 청구됩니다.
카드 발급일(발급 첫 해에는 카드 사용등록일)에 연회비가 청구되지 않은 경우 최초 이용일자 기준으로 해당 결제일에 청구됩니다.
매년 카드 발급일을 기준으로 직전 1 년 이내 실적이 없는 경우 연회비가 청구되지 않습니다.
재발급, 갱신 시에는 이전 카드의 카드 발급일을 기준으로 연회비가 청구됩니다.
연회비는 기본 연회비와 제휴 연회비로 구분됩니다.
해당 카드 연회비(기본 연회비 + 제휴 연회비)는 카드별로 청구됩니다.
카드 중도 해지 시, 연회비 반환 금액은 회원이 카드사와 계약을 해지한 날부터 일 단위로 나누어 계산(카드 이용이 가능하게 된 날을 기준으로 계산)하여 반환됩니다. 카드의 발행, 배송 등 카드 발급에 소요된 비용(신규 가입연도에 해당)은 반환 금액에서 제외되며, 제휴 연회비가 있는 경우에는 카드 이용 시 제공되는 추가적인 혜택 등 부가 서비스 제공에 소요된 비용이 추가적으로 반환 금액에서 제외됩니다.
연회비 반환 금액은 계약을 해지한 날로부터 10 일(영업일 기준)이내에 반환해 드립니다. 부가서비스 제공 내역 확인에 시간이 소요되는 등 불가피한 사유가 있을 때에는 계약을 해지한 날로부터 3 개월 이내에 반환됩니다
해외에서 카드 결제 시, 현지 통화가 아닌 원화로 결제하는 경우 해외원화결제서비스( DCC ) 수수료가 추가로 발생할 수 있으므로 유의하시기 바랍니다. 해외원화결제서비스( DCC ) 차단방법 : 홈페이지(PC) 또는 앱 → 전체메뉴 → 고객센터 → 해외 이용 → 해외 이용 잠금 서비스
해외원화결제서비스( DCC ) 차단방법 : 홈페이지(PC) 또는 앱 → 전체메뉴 → 고객센터 → 해외 이용 → 해외 이용 잠금 서비스
해외 이용 시(해외 사이트 거래 포함) 미화( USD ) 기준 거래미화금액에 접수일의 우리은행 최초 고시 전신환매도율을 적용한 후, 국제브랜드사가 부과하는 브랜드사수수료( Mastercard 1.0% )와 삼성카드가 부과하는 해외이용수수료( 0.2% )를 합산하여 원화로 청구됩니다.
해외 이용 시 청구금액 산출방법은 아래와 같습니다. 해외 이용 시 청구금액 = (거래미화금액 × 전신환매도율①) + 브랜드사수수료② + 해외이용수수료③ ① 전신환매도율 : 접수일의 우리은행 최초 고시 전신환매도율 ② 브랜드사수수료 = [거래미화금액 × 국제브랜드 이용 수수료율 1.0% ] × 전신환매도율 ③ 해외이용수수료 = (거래미화금액 × 해외서비스 수수료율 0.2% ) × 전신환매도율
해외 이용 시 청구금액 = (거래미화금액 × 전신환매도율①) + 브랜드사수수료② + 해외이용수수료③ ① 전신환매도율 : 접수일의 우리은행 최초 고시 전신환매도율 ② 브랜드사수수료 = [거래미화금액 × 국제브랜드 이용 수수료율 1.0% ] × 전신환매도율 ③ 해외이용수수료 = (거래미화금액 × 해외서비스 수수료율 0.2% ) × 전신환매도율
① 전신환매도율 : 접수일의 우리은행 최초 고시 전신환매도율
② 브랜드사수수료 = [거래미화금액 × 국제브랜드 이용 수수료율 1.0% ] × 전신환매도율
③ 해외이용수수료 = (거래미화금액 × 해외서비스 수수료율 0.2% ) × 전신환매도율",2026-06-08 05:57:15
AAP1501,삼성,CU·배달의민족 삼성카드 taptap,신용,Mastercard,true,false,10000,0,10000,0,"카드사 및 제휴사의 사정으로 변경·중단될 수 있으며, 그 내용을 사전에 알려 드립니다.",0,"CU 1,500원당 200원 결제일할인 | 배달의민족 2,000원 결제일할인 | 대중교통 1,000원당 100원 결제일할인",https://static11.samsungcard.com/wcms/home/scard/image/personal/b_AAP1501.png,https://www.samsungcard.com/home/card/cardinfo/PGHPPCCCardCardinfoDetails001?code=AAP1501,false,"<table class=""benefit-table""><tr><th>구분</th><th>해외겸용</th><th>국내전용</th></tr><tr><th>총 연회비</th><td>10,000 원</td><td>10,000 원</td></tr><tr><th>기본 연회비</th><td>7,000 원</td><td>7,000 원</td></tr><tr><th>제휴 연회비</th><td>3,000 원</td><td>3,000 원</td></tr></table>
가족카드 없음
연회비는 카드 발급일(발급 첫 해에는 카드 사용등록일)을 기준으로 매년 청구됩니다. 예외기준 카드 발급일(발급 첫 해에는 카드 사용등록일)에 연회비가 청구되지 않은 경우 최초 이용일자 기준으로 해당 결제일에 청구됩니다. 매년 카드발급일을 기준으로 직전 1년 이내 실적이 없는 경우 연회비는 청구되지 않습니다. 재발급, 갱신 시에는 이전 카드의 카드 발급일을 기준으로 연회비가 청구됩니다.
예외기준 카드 발급일(발급 첫 해에는 카드 사용등록일)에 연회비가 청구되지 않은 경우 최초 이용일자 기준으로 해당 결제일에 청구됩니다. 매년 카드발급일을 기준으로 직전 1년 이내 실적이 없는 경우 연회비는 청구되지 않습니다. 재발급, 갱신 시에는 이전 카드의 카드 발급일을 기준으로 연회비가 청구됩니다.
카드 발급일(발급 첫 해에는 카드 사용등록일)에 연회비가 청구되지 않은 경우 최초 이용일자 기준으로 해당 결제일에 청구됩니다.
매년 카드발급일을 기준으로 직전 1년 이내 실적이 없는 경우 연회비는 청구되지 않습니다.
재발급, 갱신 시에는 이전 카드의 카드 발급일을 기준으로 연회비가 청구됩니다.
연회비는 기본 연회비와 제휴 연회비로 구분됩니다.
해당 카드 연회비(기본 연회비+제휴 연회비)는 카드별로 청구됩니다.
카드 중도 해지 시, 연회비 반환 금액은 회원이 카드사와 계약을 해지한 날부터 일 단위로 나누어 계산하여 반환됩니다. 카드의 발행, 배송 등 카드 발급에 소요된 비용(신규 가입연도에 해당)은 반환 금액에서 제외되며, 제휴 연회비가 있는 경우에는 카드 이용 시 제공되는 추가적인 혜택 등 부가 서비스 제공에 소요된 비용이 추가적으로 반환 금액에서 제외됩니다.
연회비 반환 금액은 계약을 해지한 날로부터 10 일(영업일 기준) 이내에 반환해 드립니다. 부가 서비스 제공 내역 확인에 시간이 소요되는 등 불가피한 사유가 있을 때에는 계약을 해지한 날로부터 3개월 이내에 반환됩니다.
카드사 및 제휴사의 사정으로 변경·중단될 수 있으며, 그 내용을 사전에 알려 드립니다.",2026-06-08 05:57:42
ABP1459,삼성,SC제일은행 삼성체크카드 CASHBACK,체크,Mastercard,true,false,0,0,0,0,,0,0.2%~0.6% 캐시백,https://static11.samsungcard.com/wcms/home/scard/image/personal/b_ABP1459.png,https://www.samsungcard.com/home/card/cardinfo/PGHPPCCCardCardinfoDetails001?code=ABP1459,true,"<table class=""benefit-table""><tr><th>구분</th><th>해외겸용 (Mastercard)</th><th>국내전용</th></tr><tr><th>총 연회비</th><td rowspan=""3"">무료</td><td rowspan=""3"">무료</td></tr><tr><th>기본 연회비</th></tr><tr><th>제휴 연회비</th></tr></table>
해외에서 체크카드 이용 시 거래(승인) 시점 이용금액과 브랜드사 수수료가 합산된 금액이 미화(USD)로 환산되어 삼성카드로 접수되며, 삼성카드는 접수된 금액을 원화로 환산하여 해외이용수수료(현금인출 시 현금인출수수료 추가)가 포함된 금액으로 고객님의 결제계좌에서 즉시 인출합니다. 미화(USD)의 원화 환산은 거래(승인)시점의 우리은행 최초 고시 전신환 매도율(송금 시 적용되는 환율)을 적용합니다.
미화(USD)의 원화 환산은 거래(승인)시점의 우리은행 최초 고시 전신환 매도율(송금 시 적용되는 환율)을 적용합니다.
해외 가맹점 이용수수료 : 브랜드사수수료(MASTER 1%), 해외이용수수료(0.2%)
CD/ATM(입출금기) 이용수수료 : 브랜드사수수료(MASTER 1%), 해외이용수수료(0.2%), 현금인출수수료(건별 US $3)",2026-06-08 05:58:42
AAP1200,삼성,CJ ONE 삼성카드,신용,Mastercard,true,false,8000,0,10000,0,"카드사 및 제휴사의 사정으로 변경·중단될 수 있으며, 그 내용을 사전에 알려 드립니다.",200000,"CJ ONE 포인트 더블적립 | CJ ONE 포인트 특별적립 | CGV 4,000원·8,000원 할인",https://static11.samsungcard.com/wcms/home/scard/image/personal/b_AAP1200.png,https://www.samsungcard.com/home/card/cardinfo/PGHPPCCCardCardinfoDetails001?code=AAP1200,false,"<table class=""benefit-table""><tr><th>구분</th><th>본인 해외겸용</th><th>본인 국내전용</th></tr><tr><th>총연회비</th><td>10,000 원</td><td>8,000 원</td></tr><tr><th>기본연회비</th><td>5,000 원</td><td>5,000 원</td></tr><tr><th>제휴연회비</th><td>5,000 원</td><td>3,000 원</td></tr></table>
가족카드 없음
연회비는 카드 발급일(발급 첫 해에는 카드 사용등록일)을 기준으로 매년 청구됩니다. 예외기준 카드 발급일(발급 첫 해에는 카드 사용등록일)에 연회비가 청구되지 않은 경우 최초 이용일자 기준으로 해당 결제일에 청구됩니다. 매년 카드 발급일을 기준으로 직전 1 년 이내 실적이 없는 경우 연회비가 청구되지 않습니다. 재발급, 갱신 시에는 이전 카드의 카드 발급일을 기준으로 연회비가 청구됩니다.
예외기준 카드 발급일(발급 첫 해에는 카드 사용등록일)에 연회비가 청구되지 않은 경우 최초 이용일자 기준으로 해당 결제일에 청구됩니다. 매년 카드 발급일을 기준으로 직전 1 년 이내 실적이 없는 경우 연회비가 청구되지 않습니다. 재발급, 갱신 시에는 이전 카드의 카드 발급일을 기준으로 연회비가 청구됩니다.
카드 발급일(발급 첫 해에는 카드 사용등록일)에 연회비가 청구되지 않은 경우 최초 이용일자 기준으로 해당 결제일에 청구됩니다.
매년 카드 발급일을 기준으로 직전 1 년 이내 실적이 없는 경우 연회비가 청구되지 않습니다.
재발급, 갱신 시에는 이전 카드의 카드 발급일을 기준으로 연회비가 청구됩니다.
연회비는 기본 연회비와 제휴 연회비로 구분되며 기본 연회비는 보유 카드 매수에 관계없이 연 1 회만 청구되고, 제휴 연회비는 보유하신 카드별로 청구됩니다.
카드 중도 해지 시, 연회비 반환 금액은 회원이 카드사와 계약을 해지한 날부터 일 단위로 나누어 계산하여 반환됩니다. 카드의 발행, 배송 등 카드 발급에 소요된 비용(신규 가입연도에 해당)은 반환 금액에서 제외되며, 제휴 연회비가 있는 경우에는 카드 이용 시 제공되는 추가적인 혜택 등 부가 서비스 제공에 소요된 비용이 추가적으로 반환 금액에서 제외됩니다.
연회비 반환 금액은 계약을 해지한 날로부터 10 일(영업일 기준) 이내에 반환해 드립니다. 부가 서비스 제공 내역 확인에 시간이 소요되는 등 불가피한 사유가 있을 때에는 계약을 해지한 날로부터 3 개월 이내에 반환됩니다.
카드사 및 제휴사의 사정으로 변경·중단될 수 있으며, 그 내용을 사전에 알려 드립니다.",2026-06-08 05:59:53
AAP1832,삼성,SFC THE iD. TITANIUM (아시아나),신용,VISA,true,true,700000,0,700000,0,"기본 연회비 : 카드 제작 및 배송비, 카드 발급에 소요된 비용 / 제휴 연회비 : 기프트 서비스 제공 비용 / 후불교통기능이 탑재되어 발급됩니다. / 해외겸용카드는 컨택리스 결제 지원",0,"기프트 옵션 서비스 | 1,500원당 아시아나 2 마일리지 적립 | 아시아나항공 50,000원 할인",https://static11.samsungcard.com/wcms/home/scard/image/personal/b_AAP1832.png,https://www.samsungcard.com/home/card/cardinfo/PGHPPCCCardCardinfoDetails001?code=AAP1832,false,"<table class=""benefit-table""><tr><th rowspan=""2"">구분</th><th>해외겸용</th><th rowspan=""2"">국내전용</th></tr><tr><th>VISA</th></tr><tr><th>총연회비</th><td colspan=""2"">700,000 원</td></tr><tr><th>기본연회비</th><td colspan=""2"">50,000 원</td></tr><tr><th>제휴연회비</th><td colspan=""2"">650,000 원</td></tr></table>
기본 연회비 : 카드 제작 및 배송비, 카드 발급에 소요된 비용
제휴 연회비 : 기프트 서비스 제공 비용
후불교통기능이 탑재되어 발급됩니다.
해외겸용카드는 컨택리스 결제 지원
가족카드 없음
연회비는 카드 발급일(발급 첫 해에는 카드 사용등록일)을 기준으로 매년 청구됩니다. 예외 기준 카드 발급일(발급 첫 해에는 카드 사용등록일)에 연회비가 청구되지 않은 경우 최초 이용일 기준으로 해당 결제일에 청구됩니다. 매년 카드 발급일을 기준으로 직전 1년 이내 실적이 없는 경우 연회비가 청구되지 않습니다. 재발급, 갱신 시에는 이전 카드의 카드 발급일을 기준으로 연회비가 청구됩니다.
예외 기준 카드 발급일(발급 첫 해에는 카드 사용등록일)에 연회비가 청구되지 않은 경우 최초 이용일 기준으로 해당 결제일에 청구됩니다. 매년 카드 발급일을 기준으로 직전 1년 이내 실적이 없는 경우 연회비가 청구되지 않습니다. 재발급, 갱신 시에는 이전 카드의 카드 발급일을 기준으로 연회비가 청구됩니다.
카드 발급일(발급 첫 해에는 카드 사용등록일)에 연회비가 청구되지 않은 경우 최초 이용일 기준으로 해당 결제일에 청구됩니다.
매년 카드 발급일을 기준으로 직전 1년 이내 실적이 없는 경우 연회비가 청구되지 않습니다.
재발급, 갱신 시에는 이전 카드의 카드 발급일을 기준으로 연회비가 청구됩니다.
연회비는 기본 연회비와 제휴 연회비로 구분됩니다.
해당 카드 연회비(기본 연회비 + 제휴 연회비)는 카드별로 청구됩니다.
카드 중도 해지 시, 연회비 반환 금액은 회원이 카드사와 계약을 해지한 날부터 일 단위로 나누어 계산(카드 이용이 가능하게 된 날을 기준으로 계산)하여 반환됩니다. 카드의 발행, 배송 등 카드 발급에 소요된 비용(신규 가입연도에 해당)은 반환 금액에서 제외되며, 제휴 연회비가 있는 경우에는 카드 이용 시 제공되는 추가적인 혜택 등 부가 서비스 제공에 소요된 비용이 추가적으로 반환 금액에서 제외됩니다.
연회비 반환 금액은 계약을 해지한 날로부터 10일(영업일 기준) 이내에 반환해 드립니다. 부가 서비스 제공 내역 확인에 시간이 소요되는 등 불가피한 사유가 있을 때에는 계약을 해지한 날로부터 3개월 이내에 반환됩니다.
해외에서 카드 결제 시, 현지 통화가 아닌 원화로 결제하는 경우 해외원화결제서비스(DCC) 수수료가 추가로 발생할 수 있으므로 유의하시기 바랍니다. 해외원화결제서비스(DCC) 차단방법 : 홈페이지(PC) 또는 앱 → 전체메뉴 → 고객센터 → 해외 이용 → 해외 이용 잠금 서비스
해외원화결제서비스(DCC) 차단방법 : 홈페이지(PC) 또는 앱 → 전체메뉴 → 고객센터 → 해외 이용 → 해외 이용 잠금 서비스
해외 이용 시(해외 사이트 거래 포함) 미화(USD) 기준 거래미화금액에 접수일의 우리은행 최초 고시 전신환매도율을 적용한 후, 국제브랜드사가 부과하는 브랜드사수수료(VISA 1.1%)와 삼성카드가 부과하는 해외이용수수료(0.2%)를 합산하여 원화로 청구됩니다. 브랜드사수수료의 경우 국제브랜드사 정책에 따라 변경될 수 있습니다.
브랜드사수수료의 경우 국제브랜드사 정책에 따라 변경될 수 있습니다.
해외 이용 시 청구금액 산출방법은 아래와 같습니다. 해외 이용 시 청구금액 = (거래미화금액 × 전신환매도율①) + 브랜드사수수료② + 해외이용수수료③ ① 전신환매도율 : 접수일의 우리은행 최초 고시 전신환매도율 ② 브랜드사수수료 = (거래미화금액 × 국제브랜드 이용 수수료율 1.1%) × 전신환매도율 ③ 해외이용수수료 = (거래미화금액 × 해외서비스 수수료율 0.2%) × 전신환매도율
해외 이용 시 청구금액 = (거래미화금액 × 전신환매도율①) + 브랜드사수수료② + 해외이용수수료③ ① 전신환매도율 : 접수일의 우리은행 최초 고시 전신환매도율 ② 브랜드사수수료 = (거래미화금액 × 국제브랜드 이용 수수료율 1.1%) × 전신환매도율 ③ 해외이용수수료 = (거래미화금액 × 해외서비스 수수료율 0.2%) × 전신환매도율
① 전신환매도율 : 접수일의 우리은행 최초 고시 전신환매도율
② 브랜드사수수료 = (거래미화금액 × 국제브랜드 이용 수수료율 1.1%) × 전신환매도율
③ 해외이용수수료 = (거래미화금액 × 해외서비스 수수료율 0.2%) × 전신환매도율",2026-06-08 06:00:35
ABP1283,삼성,골목상권우대 삼성체크카드 애니패스포인트,체크,Local,false,false,0,0,0,0,,0,,https://static11.samsungcard.com/wcms/home/scard/image/personal/b_ABP1283.png,https://www.samsungcard.com/home/card/cardinfo/PGHPPCCCardCardinfoDetails001?code=ABP1283,false,,2026-06-08 06:01:49
ABP1518,삼성,화물복지 삼성법인체크카드,체크,Mastercard,true,false,0,0,0,0,,0,,https://static11.samsungcard.com/wcms/home/scard/image/corporation/b_ABP1518.png,https://www.samsungcard.com/home/card/cardinfo/PGHPPCCCardCardinfoDetails001?code=ABP1518,true,"<table class=""benefit-table""><tr><th>구분</th><th>국내전용</th></tr><tr><th>총 연회비</th><td>없음</td></tr><tr><th>기본 연회비</th><td>없음</td></tr><tr><th>제휴 연회비</th><td>없음</td></tr></table>",2026-06-08 06:02:02
ABP1723,삼성,청도사랑상품권 삼성체크카드,체크,Local,false,false,0,0,0,0,,0,국내가맹점 0.2% 캐시백 | 편의점·의료·주유 2% 추가 캐시백,https://static11.samsungcard.com/wcms/home/scard/image/personal/b_ABP1723.png,https://www.samsungcard.com/home/card/cardinfo/PGHPPCCCardCardinfoDetails001?code=ABP1723,true,"<table class=""benefit-table""><tr><th>구분</th><th>국내전용</th></tr><tr><th>총연회비</th><td colspan=""1"" rowspan=""3"">없음</td></tr><tr><th>기본 연회비</th></tr><tr><th>제휴 연회비</th></tr></table>",2026-06-08 06:02:32
ABP1689,삼성,국민행복 삼성체크카드 V2,체크,Mastercard,true,false,0,0,0,0,,300000,정부지원 국가바우처 | 쇼핑 2% 캐시백 | 신세계백화점 제휴 서비스,https://static11.samsungcard.com/wcms/home/scard/image/personal/b_ABP1689.png,https://www.samsungcard.com/home/card/cardinfo/PGHPPCCCardCardinfoDetails001?code=ABP1689,true,"<table class=""benefit-table""><tr><th>구분</th><th>해외겸용 ( Mastercard )</th><th>국내전용</th></tr><tr><th>총 연회비</th><td colspan=""1"" rowspan=""3"">없음</td><td colspan=""1"" rowspan=""3"">없음</td></tr><tr><th>기본 연회비</th></tr><tr><th>제휴 연회비</th></tr></table>
해외에서 카드 결제 시 IC칩 비밀번호(PIN)를 요구하는 경우가 있으므로, 출국 전 반드시 IC칩 비밀번호(PIN) 등록 여부를 확인하시기 바랍니다.
해외에서 카드 결제 시, 현지 통화가 아닌 원화로 결제하는 경우 해외원화결제 서비스( DCC ) 수수료가 추가로 발생할 수 있으므로 유의하시기 바랍니다. 해외원화결제서비스( DCC ) 차단방법 : 홈페이지(PC) 또는 앱 → 전체메뉴 → 고객센터 → 해외 이용 → 해외 이용 잠금 서비스
해외원화결제서비스( DCC ) 차단방법 : 홈페이지(PC) 또는 앱 → 전체메뉴 → 고객센터 → 해외 이용 → 해외 이용 잠금 서비스
해외 이용 시(해외 사이트 거래 포함) 미화( USD ) 기준 거래미화금액에 승인일의 우리은행 최초 고시 전신환매도율을 적용한 후, 국제브랜드사가 부과하는 브랜드사수수료( Mastercard 1% )와 삼성카드가 부과하는 해외이용수수료( 0.2% )를 합산하여 원화로 청구됩니다. 단, 일부 무승인 결제건(예 : 항공, 무인 주유기 결제건 등)의 경우 접수일의 우리은행 최초 고시 전신환매도율을 적용합니다.
브랜드사수수료의 경우 국제브랜드사 정책에 따라 변경될 수 있음
해외 이용 시 청구금액 산출방법은 아래와 같습니다. 해외 이용 시 청구금액 = (거래미화금액 × 전신환매도율①) + 브랜드사수수료② + 해외이용수수료③ ① 전신환매도율 : 접수일의 우리은행 최초 고시 전신환매도율 ② 브랜드사수수료 = (거래미화금액 × 국제브랜드 이용 수수료율 1% ) × 전신환매도율 ③ 해외이용수수료 = (거래미화금액 × 해외서비스 수수료율 0.2% ) × 전신환매도율
해외 이용 시 청구금액 = (거래미화금액 × 전신환매도율①) + 브랜드사수수료② + 해외이용수수료③ ① 전신환매도율 : 접수일의 우리은행 최초 고시 전신환매도율 ② 브랜드사수수료 = (거래미화금액 × 국제브랜드 이용 수수료율 1% ) × 전신환매도율 ③ 해외이용수수료 = (거래미화금액 × 해외서비스 수수료율 0.2% ) × 전신환매도율",2026-06-08 06:03:26
ABP1384,삼성,삼성체크카드 & POINT,체크,Mastercard,true,false,0,0,0,0,,0,0.2%~0.8% 빅포인트 적립 | 놀이공원 할인 서비스,https://static11.samsungcard.com/wcms/home/scard/image/personal/b_ABP1384.png,https://www.samsungcard.com/home/card/cardinfo/PGHPPCCCardCardinfoDetails001?code=ABP1384,false,"<table class=""benefit-table""><tr><th>구분</th><th>국내전용</th></tr><tr><th>총 연회비</th><td rowspan=""3"">무료</td></tr><tr><th>기본 연회비</th></tr><tr><th>제휴 연회비</th></tr></table>",2026-06-08 06:04:22
AAP1742,삼성,모니모카드,신용,Mastercard,true,true,10000,0,10000,0,후불교통기능이 탑재되어 발급,300000,이동통신요금·아파트 관리비 10% 결제일 할인 | 대중교통·택시 10% 결제일 할인 | 배달앱 10% 결제일 할인,https://static11.samsungcard.com/wcms/home/scard/image/personal/DN_AAP1742.gif,https://www.samsungcard.com/home/card/cardinfo/PGHPPCCCardCardinfoDetails001?code=AAP1742,false,"<table class=""benefit-table""><tr><th rowspan=""2"">구분</th><th>해외겸용</th><th rowspan=""2"">국내전용</th></tr><tr><th>Mastercard</th></tr><tr><th>총 연회비</th><td>10,000 원</td><td>10,000 원</td></tr><tr><th>기본 연회비</th><td>7,000 원</td><td>7,000 원</td></tr><tr><th>제휴 연회비</th><td>3,000 원</td><td>3,000 원</td></tr></table>
후불교통기능이 탑재되어 발급
가족카드 없음
연회비는 카드 발급일(발급 첫 해에는 카드 사용등록일)을 기준으로 매년 청구됩니다. 예외 기준 카드 발급일(발급 첫 해에는 카드 사용등록일)에 연회비가 청구되지 않은 경우 최초 이용일자 기준으로 해당 결제일에 청구됩니다. 매년 카드 발급일을 기준으로 직전 1년 이내 실적이 없는 경우 연회비가 청구되지 않습니다. 재발급, 갱신 시에는 이전 카드의 카드 발급일을 기준으로 연회비가 청구됩니다.
예외 기준 카드 발급일(발급 첫 해에는 카드 사용등록일)에 연회비가 청구되지 않은 경우 최초 이용일자 기준으로 해당 결제일에 청구됩니다. 매년 카드 발급일을 기준으로 직전 1년 이내 실적이 없는 경우 연회비가 청구되지 않습니다. 재발급, 갱신 시에는 이전 카드의 카드 발급일을 기준으로 연회비가 청구됩니다.
카드 발급일(발급 첫 해에는 카드 사용등록일)에 연회비가 청구되지 않은 경우 최초 이용일자 기준으로 해당 결제일에 청구됩니다.
매년 카드 발급일을 기준으로 직전 1년 이내 실적이 없는 경우 연회비가 청구되지 않습니다.
재발급, 갱신 시에는 이전 카드의 카드 발급일을 기준으로 연회비가 청구됩니다.
연회비는 기본 연회비와 제휴 연회비로 구분됩니다.
해당 카드 연회비(기본 연회비 + 제휴 연회비)는 카드별로 청구됩니다.
카드 중도 해지 시, 연회비 반환 금액은 회원이 카드사와 계약을 해지한 날부터 일 단위로 나누어 계산(카드 이용이 가능하게 된 날을 기준으로 계산)하여 반환됩니다. 카드의 발행, 배송 등 카드 발급에 소요된 비용(신규 가입연도에 해당)은 반환 금액에서 제외되며, 제휴 연회비가 있는 경우에는 카드 이용 시 제공되는 추가적인 혜택 등 부가 서비스 제공에 소요된 비용이 추가적으로 반환 금액에서 제외됩니다.
연회비 반환 금액은 계약을 해지한 날로부터 10 영업일 이내에 반환해 드립니다. 부가 서비스 제공 내역 확인에 시간이 소요되는 등 불가피한 사유가 있을 때에는 계약을 해지한 날로부터 3개월 이내에 반환됩니다.
해외에서 카드 결제 시, 현지 통화가 아닌 원화로 결제하는 경우 해외원화결제서비스( DCC ) 수수료가 추가로 발생할 수 있으므로 유의하시기 바랍니다. 해외원화결제서비스( DCC ) 차단방법 : 홈페이지(PC) 또는 앱 → 전체메뉴 → 고객센터 → 해외 이용 → 해외 이용 잠금 서비스
해외원화결제서비스( DCC ) 차단방법 : 홈페이지(PC) 또는 앱 → 전체메뉴 → 고객센터 → 해외 이용 → 해외 이용 잠금 서비스
해외 이용 시(해외 사이트 거래 포함) 미화( USD ) 기준 거래미화금액에 접수일의 우리은행 최초 고시 전신환매도율을 적용한 후, 국제브랜드사가 부과하는 브랜드사수수료( Mastercard 1% )와 삼성카드가 부과하는 해외이용수수료( 0.2% )를 합산하여 원화로 청구됩니다. 브랜드사수수료의 경우 국제브랜드사 정책에 따라 변경될 수 있음
브랜드사수수료의 경우 국제브랜드사 정책에 따라 변경될 수 있음
해외 이용 시 청구금액 산출방법은 아래와 같습니다. 해외 이용 시 청구금액 = (거래미화금액 × 전신환매도율①) + 브랜드사수수료② + 해외이용수수료③ ① 전신환매도율 : 접수일의 우리은행 최초 고시 전신환매도율 ② 브랜드사수수료 = (거래미화금액 × 국제브랜드 이용 수수료율 1%) × 전신환매도율 ③ 해외이용수수료 = (거래미화금액 × 해외서비스 수수료율 0.2%) × 전신환매도율
해외 이용 시 청구금액 = (거래미화금액 × 전신환매도율①) + 브랜드사수수료② + 해외이용수수료③ ① 전신환매도율 : 접수일의 우리은행 최초 고시 전신환매도율 ② 브랜드사수수료 = (거래미화금액 × 국제브랜드 이용 수수료율 1%) × 전신환매도율 ③ 해외이용수수료 = (거래미화금액 × 해외서비스 수수료율 0.2%) × 전신환매도율
① 전신환매도율 : 접수일의 우리은행 최초 고시 전신환매도율
② 브랜드사수수료 = (거래미화금액 × 국제브랜드 이용 수수료율 1%) × 전신환매도율
③ 해외이용수수료 = (거래미화금액 × 해외서비스 수수료율 0.2%) × 전신환매도율",2026-06-08 06:05:00
AAP1771,삼성,신세계 더 마일리지 삼성카드 (스카이패스),신용,Mastercard,true,true,45000,0,45000,0,후불교통기능이 탑재되어 발급,500000,국내외 가맹점 스카이패스 1마일리지 적립 | 신세계백화점·신세계면세점 스카이패스 1마일리지 추가 적립 | 신세계백화점 제휴 서비스,https://static11.samsungcard.com/wcms/home/scard/image/personal/b_AAP1771.png,https://www.samsungcard.com/home/card/cardinfo/PGHPPCCCardCardinfoDetails001?code=AAP1771,false,"<table class=""benefit-table""><tr><th rowspan=""2"">구분</th><th>해외겸용</th><th rowspan=""2"">국내전용</th></tr><tr><th>(Mastercard)</th></tr><tr><th>총 연회비</th><td>45,000 원</td><td>45,000 원</td></tr><tr><th>기본 연회비</th><td>7,000 원</td><td>7,000 원</td></tr><tr><th>제휴 연회비</th><td>38,000 원</td><td>38,000 원</td></tr></table>
후불교통기능이 탑재되어 발급
가족카드 없음
연회비는 카드 발급일(발급 첫 해에는 카드 사용등록일)을 기준으로 매년 청구됩니다. 예외 기준 카드 발급일(발급 첫 해에는 카드 사용등록일)에 연회비가 청구되지 않은 경우 최초 이용일자 기준으로 해당 결제일에 청구됩니다. 매년 카드 발급일을 기준으로 직전 1 년 이내 실적이 없는 경우 연회비가 청구되지 않습니다. 재발급, 갱신 시에는 이전 카드의 카드발급일을 기준으로 연회비가 청구됩니다. 연회비는 기본 연회비와 제휴 연회비로 구분됩니다. 해당 카드 연회비(기본 연회비 + 제휴 연회비)는 카드별로 청구됩니다. 카드 중도 해지 시, 연회비 반환 금액은 회원이 카드사와 계약을 해지한 날부터 일 단위로 나누어 계산(카드 이용이 가능하게 된 날을 기준으로 계산)하여 반환됩니다. 카드의 발행, 배송 등 카드 발급에 소요된 비용(신규 가입연도에 해당)은 반환 금액에서 제외되며, 제휴 연회비가 있는 경우에는 카드 이용 시 제공되는 추가적인 혜택 등 부가 서비스 제공에 소요된 비용이 추가적으로 반환 금액에서 제외됩니다. 연회비 반환 금액은 계약을 해지한 날로부터 10 영업일 이내에 반환해 드립니다. 부가 서비스 제공 내역 확인에 시간이 소요되는 등 불가피한 사유가 있을 때에는 계약을 해지한 날로부터 3개월 이내에 반환됩니다. 해외에서 카드 결제 시, 현지 통화가 아닌 원화로 결제하는 경우 해외원화결제서비스( DCC ) 수수료가 추가로 발생할 수 있으므로 유의하시기 바랍니다. 해외원화결제서비스( DCC ) 차단방법 : 홈페이지( PC ) 또는 앱 → 전체메뉴 → 고객센터 → 해외 이용 → 해외 이용 잠금 서비스 해외 이용 시(해외 사이트 거래 포함) 미화( USD ) 기준 거래미화금액에 접수일의 우리은행 최초 고시 전신환매도율을 적용한 후, 국제브랜드사가 부과하는 브랜드사수수료( Mastercard 1% )와 삼성카드가 부과하는 해외이용수수료( 0.2% )를 합산하여 원화로 청구됩니다. 브랜드사수수료의 경우 국제브랜드사 정책에 따라 변경될 수 있습니다. 해외 이용 시 청구금액 산출방법은 아래와 같습니다. 해외 이용 시 청구금액 = (거래미화금액 × 전신환매도율①) + 브랜드사수수료② + 해외이용수수료③ ① 전신환매도율 : 접수일의 우리은행 최초 고시 전신환매도율 ② 브랜드사수수료 = (거래미화금액 × 국제브랜드 이용 수수료율 1% ) × 전신환매도율 ③ 해외이용수수료 = (거래미화금액 × 해외서비스 수수료율 0.2% ) × 전신환매도율
예외 기준 카드 발급일(발급 첫 해에는 카드 사용등록일)에 연회비가 청구되지 않은 경우 최초 이용일자 기준으로 해당 결제일에 청구됩니다. 매년 카드 발급일을 기준으로 직전 1 년 이내 실적이 없는 경우 연회비가 청구되지 않습니다. 재발급, 갱신 시에는 이전 카드의 카드발급일을 기준으로 연회비가 청구됩니다.
카드 발급일(발급 첫 해에는 카드 사용등록일)에 연회비가 청구되지 않은 경우 최초 이용일자 기준으로 해당 결제일에 청구됩니다.
매년 카드 발급일을 기준으로 직전 1 년 이내 실적이 없는 경우 연회비가 청구되지 않습니다.
재발급, 갱신 시에는 이전 카드의 카드발급일을 기준으로 연회비가 청구됩니다.
연회비는 기본 연회비와 제휴 연회비로 구분됩니다.
해당 카드 연회비(기본 연회비 + 제휴 연회비)는 카드별로 청구됩니다.
카드 중도 해지 시, 연회비 반환 금액은 회원이 카드사와 계약을 해지한 날부터 일 단위로 나누어 계산(카드 이용이 가능하게 된 날을 기준으로 계산)하여 반환됩니다. 카드의 발행, 배송 등 카드 발급에 소요된 비용(신규 가입연도에 해당)은 반환 금액에서 제외되며, 제휴 연회비가 있는 경우에는 카드 이용 시 제공되는 추가적인 혜택 등 부가 서비스 제공에 소요된 비용이 추가적으로 반환 금액에서 제외됩니다.
연회비 반환 금액은 계약을 해지한 날로부터 10 영업일 이내에 반환해 드립니다. 부가 서비스 제공 내역 확인에 시간이 소요되는 등 불가피한 사유가 있을 때에는 계약을 해지한 날로부터 3개월 이내에 반환됩니다.
해외에서 카드 결제 시, 현지 통화가 아닌 원화로 결제하는 경우 해외원화결제서비스( DCC ) 수수료가 추가로 발생할 수 있으므로 유의하시기 바랍니다. 해외원화결제서비스( DCC ) 차단방법 : 홈페이지( PC ) 또는 앱 → 전체메뉴 → 고객센터 → 해외 이용 → 해외 이용 잠금 서비스
해외원화결제서비스( DCC ) 차단방법 : 홈페이지( PC ) 또는 앱 → 전체메뉴 → 고객센터 → 해외 이용 → 해외 이용 잠금 서비스
해외 이용 시(해외 사이트 거래 포함) 미화( USD ) 기준 거래미화금액에 접수일의 우리은행 최초 고시 전신환매도율을 적용한 후, 국제브랜드사가 부과하는 브랜드사수수료( Mastercard 1% )와 삼성카드가 부과하는 해외이용수수료( 0.2% )를 합산하여 원화로 청구됩니다.
브랜드사수수료의 경우 국제브랜드사 정책에 따라 변경될 수 있습니다.
해외 이용 시 청구금액 산출방법은 아래와 같습니다. 해외 이용 시 청구금액 = (거래미화금액 × 전신환매도율①) + 브랜드사수수료② + 해외이용수수료③ ① 전신환매도율 : 접수일의 우리은행 최초 고시 전신환매도율 ② 브랜드사수수료 = (거래미화금액 × 국제브랜드 이용 수수료율 1% ) × 전신환매도율 ③ 해외이용수수료 = (거래미화금액 × 해외서비스 수수료율 0.2% ) × 전신환매도율
해외 이용 시 청구금액 = (거래미화금액 × 전신환매도율①) + 브랜드사수수료② + 해외이용수수료③ ① 전신환매도율 : 접수일의 우리은행 최초 고시 전신환매도율 ② 브랜드사수수료 = (거래미화금액 × 국제브랜드 이용 수수료율 1% ) × 전신환매도율 ③ 해외이용수수료 = (거래미화금액 × 해외서비스 수수료율 0.2% ) × 전신환매도율
① 전신환매도율 : 접수일의 우리은행 최초 고시 전신환매도율
② 브랜드사수수료 = (거래미화금액 × 국제브랜드 이용 수수료율 1% ) × 전신환매도율
③ 해외이용수수료 = (거래미화금액 × 해외서비스 수수료율 0.2% ) × 전신환매도율",2026-06-08 06:05:15
AAP1731,삼성,삼성 iD ON 카드,신용,Mastercard,true,true,20000,0,20000,0,후불교통기능이 탑재되어 발급,0,많이 쓰는 영역 30% 자동 맞춤 할인 | 교통·이동통신·스트리밍 10% 결제일할인 | 온라인 간편결제·해외 3%·1% 결제일할인,https://static11.samsungcard.com/wcms/home/scard/image/personal/IDON_AAP1731.gif,https://www.samsungcard.com/home/card/cardinfo/PGHPPCCCardCardinfoDetails001?code=AAP1731,false,"<table class=""benefit-table""><tr><th rowspan=""2"">구분</th><th>해외겸용</th><th rowspan=""2"">국내전용</th></tr><tr><th>Mastercard</th></tr><tr><th>총 연회비</th><td>20,000 원</td><td>20,000 원</td></tr><tr><th>기본 연회비</th><td>7,000 원</td><td>7,000 원</td></tr><tr><th>제휴 연회비</th><td>13,000 원</td><td>13,000 원</td></tr></table>
후불교통기능이 탑재되어 발급
<table class=""benefit-table""><tr><th rowspan=""2"">구분</th><th>해외겸용</th><th rowspan=""2"">국내전용</th></tr><tr><th>Mastercard</th></tr><tr><th>총 연회비</th><td>13,000 원</td><td>13,000 원</td></tr><tr><th>기본 연회비</th><td>-</td><td>-</td></tr><tr><th>제휴 연회비</th><td>13,000 원</td><td>13,000 원</td></tr></table>
연회비는 카드 발급일(발급 첫 해에는 카드 사용등록일)을 기준으로 매년 청구됩니다. 예외 기준 카드 발급일(발급 첫 해에는 카드 사용등록일)에 연회비가 청구되지 않은 경우 최초 이용일자 기준으로 해당 결제일에 청구됩니다. 매년 카드 발급일을 기준으로 직전 1 년 이내 실적이 없는 경우 연회비가 청구되지 않습니다. 재발급, 갱신 시에는 이전 카드의 카드 발급일을 기준으로 연회비가 청구됩니다.
예외 기준 카드 발급일(발급 첫 해에는 카드 사용등록일)에 연회비가 청구되지 않은 경우 최초 이용일자 기준으로 해당 결제일에 청구됩니다. 매년 카드 발급일을 기준으로 직전 1 년 이내 실적이 없는 경우 연회비가 청구되지 않습니다. 재발급, 갱신 시에는 이전 카드의 카드 발급일을 기준으로 연회비가 청구됩니다.
카드 발급일(발급 첫 해에는 카드 사용등록일)에 연회비가 청구되지 않은 경우 최초 이용일자 기준으로 해당 결제일에 청구됩니다.
매년 카드 발급일을 기준으로 직전 1 년 이내 실적이 없는 경우 연회비가 청구되지 않습니다.
재발급, 갱신 시에는 이전 카드의 카드 발급일을 기준으로 연회비가 청구됩니다.
연회비는 기본 연회비와 제휴 연회비로 구분됩니다.
해당 카드 연회비(기본 연회비 + 제휴 연회비)는 카드별로 청구됩니다.
카드 중도 해지 시, 연회비 반환 금액은 회원이 카드사와 계약을 해지한 날부터 일 단위로 나누어 계산(카드 이용이 가능하게 된 날을 기준으로 계산)하여 반환됨. 카드의 발행, 배송 등 카드 발급에 소요된 비용(신규 가입연도에 해당)은 반환 금액에서 제외되며, 제휴 연회비가 있는 경우에는 카드 이용 시 제공되는 추가적인 혜택 등 부가 서비스 제공에 소요된 비용이 추가적으로 반환 금액에서 제외됩니다.
연회비 반환 금액은 계약을 해지한 날로부터 10 영업일 이내에 반환됨.  부가 서비스 제공 내역 확인에 시간이 소요되는 등 불가피한 사유가 있을 때에는 계약을 해지한 날로부터 3 개월 이내에 반환됩니다.
해외에서 카드 결제 시, 현지 통화가 아닌 원화로 결제하는 경우 해외원화결제서비스( DCC ) 수수료가 추가로 발생할 수 있으므로 유의하시기 바랍니다. 해외원화결제서비스( DCC ) 차단방법 : 홈페이지(PC) 또는 앱 → 전체메뉴 → 고객센터 → 해외 이용 → 해외 이용 잠금 서비스
해외원화결제서비스( DCC ) 차단방법 : 홈페이지(PC) 또는 앱 → 전체메뉴 → 고객센터 → 해외 이용 → 해외 이용 잠금 서비스
해외 이용 시(해외 사이트 거래 포함) 미화( USD ) 기준 거래미화금액에 접수일의 우리은행 최초 고시 전신환매도율을 적용한 후, 국제브랜드사가 부과하는 브랜드사수수료( Mastercard 1% )와 삼성카드가 부과하는 해외이용수수료( 0.2% )를 합산하여 원화로 청구됩니다. 브랜드사수수료의 경우 국제브랜드사 정책에 따라 변경될 수 있습니다.
브랜드사수수료의 경우 국제브랜드사 정책에 따라 변경될 수 있습니다.
해외 이용 시 청구금액 산출방법은 아래와 같습니다. 해외 이용 시 청구금액 = (거래미화금액 × 전신환매도율①) + 브랜드사수수료② + 해외이용수수료③ ① 전신환매도율 : 접수일의 우리은행 최초 고시 전신환매도율 ② 브랜드사수수료 = [거래미화금액 × 국제브랜드 이용 수수료율 1% ] × 전신환매도율 ③ 해외이용수수료 = (거래미화금액 × 해외서비스 수수료율 0.2% ) × 전신환매도율
해외 이용 시 청구금액 = (거래미화금액 × 전신환매도율①) + 브랜드사수수료② + 해외이용수수료③ ① 전신환매도율 : 접수일의 우리은행 최초 고시 전신환매도율 ② 브랜드사수수료 = [거래미화금액 × 국제브랜드 이용 수수료율 1% ] × 전신환매도율 ③ 해외이용수수료 = (거래미화금액 × 해외서비스 수수료율 0.2% ) × 전신환매도율
① 전신환매도율 : 접수일의 우리은행 최초 고시 전신환매도율
② 브랜드사수수료 = [거래미화금액 × 국제브랜드 이용 수수료율 1% ] × 전신환매도율
③ 해외이용수수료 = (거래미화금액 × 해외서비스 수수료율 0.2% ) × 전신환매도율",2026-06-08 06:05:59
AAP1483,삼성,삼성카드 taptap O,신용,Mastercard,true,false,10000,0,10000,0,,300000,"대중교통·택시 10% 결제일할인 | 통신요금 10% 결제일할인 | CGV·롯데시네마 5,000원 결제일할인",https://static11.samsungcard.com/wcms/home/scard/image/personal/b_AAP1483.png,https://www.samsungcard.com/home/card/cardinfo/PGHPPCCCardCardinfoDetails001?code=AAP1483,false,"<table class=""benefit-table""><tr><th>구분</th><th>해외겸용 (Mastercard)</th><th>국내전용</th></tr><tr><th>총연회비</th><td>10,000 원</td><td>10,000 원</td></tr><tr><th>기본연회비</th><td>7,000 원</td><td>7,000 원</td></tr><tr><th>제휴연회비</th><td>3,000 원</td><td>3,000 원</td></tr></table>
가족카드 없음
연회비는 카드 발급일(발급 첫 해에는 카드 사용등록일)을 기준으로 매년 청구됩니다. 예외기준 카드 발급일(발급 첫 해에는 카드 사용등록일)에 연회비가 청구되지 않은 경우 최초 이용일자 기준으로 해당 결제일에 청구됩니다. 매년 카드발급일을 기준으로 직전1년 이내 실적이 없는 경우 연회비는 청구되지 않습니다. 재발급, 갱신 시에는 이전 카드의 카드 발급일을 기준으로 연회비가 청구됩니다.
예외기준 카드 발급일(발급 첫 해에는 카드 사용등록일)에 연회비가 청구되지 않은 경우 최초 이용일자 기준으로 해당 결제일에 청구됩니다. 매년 카드발급일을 기준으로 직전1년 이내 실적이 없는 경우 연회비는 청구되지 않습니다. 재발급, 갱신 시에는 이전 카드의 카드 발급일을 기준으로 연회비가 청구됩니다.
카드 발급일(발급 첫 해에는 카드 사용등록일)에 연회비가 청구되지 않은 경우 최초 이용일자 기준으로 해당 결제일에 청구됩니다.
매년 카드발급일을 기준으로 직전1년 이내 실적이 없는 경우 연회비는 청구되지 않습니다.
재발급, 갱신 시에는 이전 카드의 카드 발급일을 기준으로 연회비가 청구됩니다.
연회비는 기본 연회비와 제휴 연회비로 구분됩니다.
해당 카드 연회비(기본 연회비+제휴 연회비)는 카드별로 청구됩니다.
카드 중도 해지 시, 연회비 반환 금액은 회원이 카드사와 계약을 해지한 날부터 일 단위로 나누어 계산(카드 이용이 가능하게 된 날을 기준으로 계산)하여 반환됩니다. 카드의 발행, 배송 등 카드 발급에 소요된 비용(신규 가입연도에 해당)은 반환 금액에서 제외되며, 제휴 연회비가 있는 경우에는 카드 이용 시 제공되는 추가적인 혜택 등 부가 서비스 제공에 소요된 비용이 추가적으로 반환 금액에서 제외됩니다.
연회비 반환 금액은 계약을 해지한 날로부터 10 일(영업일 기준) 이내에 반환해 드립니다. 부가 서비스 제공 내역 확인에 시간이 소요되는 등 불가피한 사유가 있을 때에는 계약을 해지한 날로부터 3개월 이내에 반환됩니다.
해외에서 카드 결제 시, 현지 통화가 아닌 원화로 결제하는 경우 해외원화결제서비스(DCC) 수수료가 추가로 발생할 수 있으므로 유의하시기 바랍니다. 해외원화결제서비스(DCC) 차단방법 : 홈페이지(PC) 또는 앱 → 전체메뉴 → 고객센터 → 해외 이용 → 해외 이용 잠금 서비스
해외원화결제서비스(DCC) 차단방법 : 홈페이지(PC) 또는 앱 → 전체메뉴 → 고객센터 → 해외 이용 → 해외 이용 잠금 서비스
해외 이용 시(해외 사이트 거래 포함) 미화(USD) 기준 거래미화금액에 접수일의 우리은행 최초 고시 전신환매도율을 적용한 후, 국제브랜드사가 부과하는 브랜드사수수료(Mastercard 1.0%)와 삼성카드가 부과하는 해외이용수수료(0.2%)를 합산하여 원화로 청구됩니다. 브랜드사수수료의 경우 국제브랜드사 정책에 따라 변경될 수 있습니다.
브랜드사수수료의 경우 국제브랜드사 정책에 따라 변경될 수 있습니다.
해외 이용 시 청구금액 산출방법은 아래와 같습니다. 해외 이용 시 청구금액 = (거래미화금액 × 전신환매도율①) + 브랜드사수수료② + 해외이용수수료③ ① 전신환매도율 : 접수일의 우리은행 최초 고시 전신환매도율 ② 브랜드사수수료 = (거래미화금액 × 국제브랜드 이용 수수료율 1.0%) × 전신환매도율 ③ 해외이용수수료 = (거래미화금액 × 해외서비스 수수료율 0.2%) × 전신환매도율
해외 이용 시 청구금액 = (거래미화금액 × 전신환매도율①) + 브랜드사수수료② + 해외이용수수료③ ① 전신환매도율 : 접수일의 우리은행 최초 고시 전신환매도율 ② 브랜드사수수료 = (거래미화금액 × 국제브랜드 이용 수수료율 1.0%) × 전신환매도율 ③ 해외이용수수료 = (거래미화금액 × 해외서비스 수수료율 0.2%) × 전신환매도율
① 전신환매도율 : 접수일의 우리은행 최초 고시 전신환매도율
② 브랜드사수수료 = (거래미화금액 × 국제브랜드 이용 수수료율 1.0%) × 전신환매도율
③ 해외이용수수료 = (거래미화금액 × 해외서비스 수수료율 0.2%) × 전신환매도율",2026-06-08 06:06:45
AAP1452,삼성,삼성카드 & MILEAGE PLATINUM (스카이패스),신용,AMEX,true,false,47000,0,49000,0,"보유하신 보너스포인트로 연회비를 결제할 수 있습니다. / 카드사 및 제휴사의 사정으로 변경·중단될 수 있으며, 그 내용을 사전에 알려 드립니다.",0,"1,000원당 스카이패스 1 마일리지 적립 | 1,000원당 스카이패스 1 마일리지 추가 적립",https://static11.samsungcard.com/wcms/home/scard/image/personal/b_AAP1452.png,https://www.samsungcard.com/home/card/cardinfo/PGHPPCCCardCardinfoDetails001?code=AAP1452,false,"<table class=""benefit-table""><tr><th>구분</th><th>해외겸용</th><th>국내전용</th></tr><tr><th>총 연회비</th><td>49,000 원</td><td>47,000 원</td></tr><tr><th>기본 연회비</th><td>7,000 원</td><td>7,000 원</td></tr><tr><th>제휴 연회비</th><td>42,000 원</td><td>40,000 원</td></tr></table>
보유하신 보너스포인트로 연회비를 결제할 수 있습니다.
연회비는 카드 발급일(발급 첫 해에는 카드 사용등록일)을 기준으로 매년 청구됩니다. 예외 기준 카드 발급일(발급 첫 해에는 카드 사용등록일)에 연회비가 청구되지 않은 경우 최초 이용일자 기준으로 해당 결제일에 청구됩니다. 매년 카드 발급일을 기준으로 직전 1년 이내 실적이 없는 경우 연회비가 청구되지 않습니다. 재발급, 갱신 시에는 이전 카드의 카드 발급일을 기준으로 연회비가 청구됩니다.
예외 기준 카드 발급일(발급 첫 해에는 카드 사용등록일)에 연회비가 청구되지 않은 경우 최초 이용일자 기준으로 해당 결제일에 청구됩니다. 매년 카드 발급일을 기준으로 직전 1년 이내 실적이 없는 경우 연회비가 청구되지 않습니다. 재발급, 갱신 시에는 이전 카드의 카드 발급일을 기준으로 연회비가 청구됩니다.
카드 발급일(발급 첫 해에는 카드 사용등록일)에 연회비가 청구되지 않은 경우 최초 이용일자 기준으로 해당 결제일에 청구됩니다.
매년 카드 발급일을 기준으로 직전 1년 이내 실적이 없는 경우 연회비가 청구되지 않습니다.
재발급, 갱신 시에는 이전 카드의 카드 발급일을 기준으로 연회비가 청구됩니다.
연회비는 기본 연회비와 제휴 연회비로 구분됩니다.
해당 카드 연회비(기본 연회비+제휴 연회비)는 카드별로 청구됩니다.
카드 중도 해지 시, 연회비 반환 금액은 회원이 카드사와 계약을 해지한 날부터 일 단위로 나누어 계산하여 반환됩니다. 카드의 발행, 배송 등 카드 발급에 소요된 비용(신규 가입연도에 해당)은 반환 금액에서 제외되며, 제휴 연회비가 있는 경우에는 카드 이용 시 제공되는 추가적인 혜택 등 부가 서비스 제공에 소요된 비용이 추가적으로 반환 금액에서 제외됩니다.
연회비 반환 금액은 계약을 해지한 날로부터 10 일(영업일 기준) 이내에 반환해 드립니다. 부가 서비스 제공 내역 확인에 시간이 소요되는 등 불가피한 사유가 있을 때에는 계약을 해지한 날로부터 3개월 이내에 반환됩니다.
해외에서 카드 결제 시, 현지 통화가 아닌 원화로 결제하는 경우 해외원화결제서비스( DCC ) 수수료가 추가로 발생할 수 있으므로 유의하시기 바랍니다. 해외원화결제서비스( DCC ) 차단방법 : 홈페이지(PC) 또는 앱 → 전체메뉴 → 고객센터 → 해외 이용 → 해외 이용 잠금 서비스
해외원화결제서비스( DCC ) 차단방법 : 홈페이지(PC) 또는 앱 → 전체메뉴 → 고객센터 → 해외 이용 → 해외 이용 잠금 서비스
해외 이용 시(해외 사이트 거래 포함) 미화( USD ) 기준 거래미화금액에 접수일의 우리은행 최초 고시 전신환매도율을 적용한 후, 국제브랜드사가 부과하는 브랜드사수수료(아멕스 1.4 %)와 삼성카드가 부과하는 해외이용수수료( 0.2 %)를 합산하여 원화로 청구됩니다. 브랜드사수수료의 경우 국제브랜드사 정책에 따라 변경될 수 있음
브랜드사수수료의 경우 국제브랜드사 정책에 따라 변경될 수 있음
해외 이용 시 청구금액 산출방법은 아래와 같습니다. 해외 이용 시 청구금액 = (거래미화금액 × 전신환매도율①) + 브랜드사수수료② + 해외이용수수료③ ① 전신환매도율 : 접수일의 우리은행 최초 고시 전신환매도율 ② 브랜드사수수료 = (거래미화금액 × 국제브랜드 이용 수수료율 1.4% ) × 전신환매도율 ③ 해외이용수수료 = (거래미화금액 × 해외서비스 수수료율 0.2% ) × 전신환매도율
해외 이용 시 청구금액 = (거래미화금액 × 전신환매도율①) + 브랜드사수수료② + 해외이용수수료③ ① 전신환매도율 : 접수일의 우리은행 최초 고시 전신환매도율 ② 브랜드사수수료 = (거래미화금액 × 국제브랜드 이용 수수료율 1.4% ) × 전신환매도율 ③ 해외이용수수료 = (거래미화금액 × 해외서비스 수수료율 0.2% ) × 전신환매도율
① 전신환매도율 : 접수일의 우리은행 최초 고시 전신환매도율
② 브랜드사수수료 = (거래미화금액 × 국제브랜드 이용 수수료율 1.4% ) × 전신환매도율
③ 해외이용수수료 = (거래미화금액 × 해외서비스 수수료율 0.2% ) × 전신환매도율
카드사 및 제휴사의 사정으로 변경·중단될 수 있으며, 그 내용을 사전에 알려 드립니다.",2026-06-08 06:07:05
ABP1285,삼성,새마을금고 삼성체크카드,체크,VISA,true,false,0,0,0,0,,300000,0.5% 빅포인트 적립 | S-OIL 리터당 40 보너스포인트 적립,https://static11.samsungcard.com/wcms/home/scard/image/personal/b_ABP1285.png,https://www.samsungcard.com/home/card/cardinfo/PGHPPCCCardCardinfoDetails001?code=ABP1285,false,"<table class=""benefit-table""><tr><th>구분</th><th>해외겸용 (VISA)</th></tr><tr><th>총 연회비</th><td rowspan=""3"">무료</td></tr><tr><th>기본 연회비</th></tr><tr><th>제휴 연회비</th></tr></table>",2026-06-08 06:07:16
AAP1666,삼성,taptap DIGITAL,신용,Mastercard,true,true,0,0,0,0,모바일카드는 모바일기기를 통해서만 후불교통 이용 가능 / 같은 상품의 실물카드와 모바일카드는 동시 보유할 수 없음,300000,온라인간편결제 5% 결제일할인 | 스트리밍 50% 결제일할인 | 편의점·헬스&뷰티·생활잡화 10% 결제일할인,https://static11.samsungcard.com/wcms/home/scard/image/personal/b_AAP1666.png,https://www.samsungcard.com/home/card/cardinfo/PGHPPCCCardCardinfoDetails001?code=AAP1666,false,"<table class=""benefit-table""><tr><th>구분</th><th>해외겸용 (Mastercard)</th><th>국내전용</th></tr><tr><th>총
            연회비</th><td>10,000 원</td><td>10,000 원</td></tr><tr><th>기본 연회비</th><td>7,000 원</td><td>7,000 원</td></tr><tr><th>제휴 연회비</th><td>3,000 원</td><td>3,000 원</td></tr></table>
<table class=""benefit-table""><tr><th>구분</th><th>해외겸용 (Mastercard)</th><th>국내전용</th></tr><tr><th>총
            연회비</th><td>5,000 원</td><td>5,000 원</td></tr><tr><th>기본 연회비</th><td>2,000 원</td><td>2,000 원</td></tr><tr><th>제휴 연회비</th><td>3,000 원</td><td>3,000 원</td></tr></table>
모바일카드는 모바일기기를 통해서만 후불교통 이용 가능
같은 상품의 실물카드와 모바일카드는 동시 보유할 수 없음
가족카드 없음
연회비는 카드 발급일(발급 첫 해에는 카드 사용등록일)을 기준으로 매년 청구됩니다. 예외 기준 카드 발급일(발급 첫 해에는 카드 사용등록일)에 연회비가 청구되지 않은 경우 최초 이용일자 기준으로 해당 결제일에
                  청구됩니다. 매년 카드 발급일을 기준으로 직전 1 년 이내 실적이 없는 경우 연회비가
                  청구되지 않습니다. 재발급, 갱신 시에는 이전 카드의 카드발급일을 기준으로 연회비가 청구됩니다.
예외 기준 카드 발급일(발급 첫 해에는 카드 사용등록일)에 연회비가 청구되지 않은 경우 최초 이용일자 기준으로 해당 결제일에
                  청구됩니다. 매년 카드 발급일을 기준으로 직전 1 년 이내 실적이 없는 경우 연회비가
                  청구되지 않습니다. 재발급, 갱신 시에는 이전 카드의 카드발급일을 기준으로 연회비가 청구됩니다.
카드 발급일(발급 첫 해에는 카드 사용등록일)에 연회비가 청구되지 않은 경우 최초 이용일자 기준으로 해당 결제일에
                  청구됩니다.
매년 카드 발급일을 기준으로 직전 1 년 이내 실적이 없는 경우 연회비가
                  청구되지 않습니다.
재발급, 갱신 시에는 이전 카드의 카드발급일을 기준으로 연회비가 청구됩니다.
연회비는 기본 연회비와 제휴 연회비로 구분됩니다.
해당 카드 연회비(기본 연회비+제휴 연회비)는 카드별로 청구됩니다.
카드 중도 해지 시, 연회비 반환 금액은 회원이 카드사와 계약을 해지한 날부터 일 단위로 나누어 계산(카드 이용이 가능하게 된 날을
          기준으로 계산)하여 반환됩니다. 카드의 발행, 배송 등 카드 발급에 소요된 비용(신규 가입연도에 해당)은 반환 금액에서 제외되며, 제휴 연회비가 있는 경우에는 카드 이용 시 제공되는 추가적인 혜택
          등 부가 서비스 제공에 소요된 비용이 추가적으로 반환 금액에서 제외됩니다.
연회비 반환 금액은 계약을 해지한 날로부터 10 일(영업일 기준) 이내에 반환해 드립니다.
          부가 서비스 제공 내역 확인에 시간이 소요되는 등 불가피한 사유가 있을 때에는 계약을 해지한 날로부터 3 개월 이내에 반환됩니다.
해외에서 카드 결제 시, 현지 통화가 아닌 원화로 결제하는 경우 해외원화결제 서비스( DCC ) 수수료가 추가로 발생할 수 있으므로 유의하시기 바랍니다. 해외원화결제서비스( DCC ) 차단방법 : 홈페이지(PC) 또는 앱 → 전체메뉴
              → 고객센터 → 해외 이용 → 해외 이용 잠금 서비스
해외원화결제서비스( DCC ) 차단방법 : 홈페이지(PC) 또는 앱 → 전체메뉴
              → 고객센터 → 해외 이용 → 해외 이용 잠금 서비스
해외 이용 시(해외 사이트 거래 포함) 미화( USD ) 기준 거래미화금액에 접수일의
          우리은행 최초 고시 전신환매도율을 적용한 후, 국제브랜드사가 부과하는 브랜드사수수료( Mastercard 1% )와 삼성카드가 부과하는
          해외이용수수료( 0.2% )를 합산하여 원화로 청구됩니다.
해외 이용 시 청구금액 산출방법은 아래와 같습니다. 해외 이용 시 청구금액 = (거래미화금액 × 전신환매도율①) + 브랜드사수수료② +
              해외이용수수료③ ① 전신환매도율 : 접수일의 우리은행 최초 고시 전신환매도율 ② 브랜드사수수료 = (거래미화금액 × 국제브랜드 이용 수수료율 1% )
              × 전신환매도율 ③ 해외이용수수료 = (거래미화금액 × 해외서비스 수수료율 0.2% )
              × 전신환매도율
해외 이용 시 청구금액 = (거래미화금액 × 전신환매도율①) + 브랜드사수수료② +
              해외이용수수료③ ① 전신환매도율 : 접수일의 우리은행 최초 고시 전신환매도율 ② 브랜드사수수료 = (거래미화금액 × 국제브랜드 이용 수수료율 1% )
              × 전신환매도율 ③ 해외이용수수료 = (거래미화금액 × 해외서비스 수수료율 0.2% )
              × 전신환매도율",2026-06-08 06:07:49
ABP1556,삼성,SC제일은행 글로벌 삼성체크카드,체크,Mastercard,true,false,1000,0,1000,0,"카드사 및 제휴사의 사정으로 변경·중단될 수 있으며, 그 내용을 사전에 알려 드립니다.",300000,국내가맹점 0.2% 캐시백 | 해외가맹점 2% 캐시백 | 해외CD/ATM 현금인출수수료 US$3 캐시백,https://static11.samsungcard.com/wcms/home/scard/image/personal/b_ABP1556.png,https://www.samsungcard.com/home/card/cardinfo/PGHPPCCCardCardinfoDetails001?code=ABP1556,true,"<table class=""benefit-table""><tr><th>구분</th><th>해외겸용</th></tr><tr><th>총 연회비</th><td>1,000 원</td></tr><tr><th>기본 연회비</th><td>1,000 원</td></tr><tr><th>제휴 연회비</th><td>-</td></tr></table>
가족카드 없음
연회비는 카드 발급일(발급 첫 해에는 카드 사용등록일)을 기준으로 매년 청구됩니다. 예외 기준 카드 발급일(발급 첫 해에는 카드 사용등록일)에 연회비가 청구되지 않은 경우 최초 이용일자 기준으로 해당 결제일에 청구됩니다. 매년 카드 발급일을 기준으로 직전 1년 이내 실적이 없는 경우 연회비가 청구되지 않습니다. 재발급, 갱신 시에는 이전 카드의 카드 발급일을 기준으로 연회비가 청구됩니다.
예외 기준 카드 발급일(발급 첫 해에는 카드 사용등록일)에 연회비가 청구되지 않은 경우 최초 이용일자 기준으로 해당 결제일에 청구됩니다. 매년 카드 발급일을 기준으로 직전 1년 이내 실적이 없는 경우 연회비가 청구되지 않습니다. 재발급, 갱신 시에는 이전 카드의 카드 발급일을 기준으로 연회비가 청구됩니다.
카드 발급일(발급 첫 해에는 카드 사용등록일)에 연회비가 청구되지 않은 경우 최초 이용일자 기준으로 해당 결제일에 청구됩니다.
매년 카드 발급일을 기준으로 직전 1년 이내 실적이 없는 경우 연회비가 청구되지 않습니다.
재발급, 갱신 시에는 이전 카드의 카드 발급일을 기준으로 연회비가 청구됩니다.
카드사 및 제휴사의 사정으로 변경·중단될 수 있으며, 그 내용을 사전에 알려 드립니다.",2026-06-08 06:08:10
